Time,Class,Region,Average Price
199903,Less than 40 m2,Hong Kong,42777.0
199906,Less than 40 m2,Hong Kong,43276.0
199909,Less than 40 m2,Hong Kong,41667.0
199912,Less than 40 m2,Hong Kong,38897.0
200003,Less than 40 m2,Hong Kong,39026.0
200006,Less than 40 m2,Hong Kong,37008.0
200009,Less than 40 m2,Hong Kong,34145.0
200012,Less than 40 m2,Hong Kong,33860.0
200103,Less than 40 m2,Hong Kong,32955.0
200106,Less than 40 m2,Hong Kong,32708.0
200109,Less than 40 m2,Hong Kong,31970.0
200112,Less than 40 m2,Hong Kong,30193.0
200203,Less than 40 m2,Hong Kong,30904.0
200206,Less than 40 m2,Hong Kong,30237.0
200209,Less than 40 m2,Hong Kong,27960.0
200212,Less than 40 m2,Hong Kong,26040.0
200303,Less than 40 m2,Hong Kong,25372.0
200306,Less than 40 m2,Hong Kong,24509.0
200309,Less than 40 m2,Hong Kong,24924.0
200312,Less than 40 m2,Hong Kong,27423.0
200403,Less than 40 m2,Hong Kong,31501.0
200406,Less than 40 m2,Hong Kong,30816.0
200409,Less than 40 m2,Hong Kong,32211.0
200412,Less than 40 m2,Hong Kong,35146.0
200503,Less than 40 m2,Hong Kong,38270.0
200506,Less than 40 m2,Hong Kong,39507.0
200509,Less than 40 m2,Hong Kong,39745.0
200512,Less than 40 m2,Hong Kong,39164.0
200603,Less than 40 m2,Hong Kong,41052.0
200606,Less than 40 m2,Hong Kong,43278.0
200609,Less than 40 m2,Hong Kong,43029.0
200612,Less than 40 m2,Hong Kong,43906.0
200703,Less than 40 m2,Hong Kong,46079.0
200706,Less than 40 m2,Hong Kong,49530.0
200709,Less than 40 m2,Hong Kong,50859.0
200712,Less than 40 m2,Hong Kong,58856.0
200803,Less than 40 m2,Hong Kong,66783.0
200806,Less than 40 m2,Hong Kong,66296.0
200809,Less than 40 m2,Hong Kong,61238.0
200812,Less than 40 m2,Hong Kong,52228.0
200903,Less than 40 m2,Hong Kong,51883.0
200906,Less than 40 m2,Hong Kong,58934.0
200909,Less than 40 m2,Hong Kong,64591.0
200912,Less than 40 m2,Hong Kong,67305.0
201003,Less than 40 m2,Hong Kong,71393.0
201006,Less than 40 m2,Hong Kong,72974.0
201009,Less than 40 m2,Hong Kong,77057.0
201012,Less than 40 m2,Hong Kong,82287.0
201103,Less than 40 m2,Hong Kong,91355.0
201106,Less than 40 m2,Hong Kong,95329.0
201109,Less than 40 m2,Hong Kong,94127.0
201112,Less than 40 m2,Hong Kong,94432.0
201203,Less than 40 m2,Hong Kong,99121.0
201206,Less than 40 m2,Hong Kong,106001.0
201209,Less than 40 m2,Hong Kong,112178.0
201212,Less than 40 m2,Hong Kong,119987.0
201303,Less than 40 m2,Hong Kong,125234.0
201306,Less than 40 m2,Hong Kong,122777.0
201309,Less than 40 m2,Hong Kong,124242.0
201312,Less than 40 m2,Hong Kong,120482.0
201403,Less than 40 m2,Hong Kong,122433.0
201406,Less than 40 m2,Hong Kong,124425.0
201409,Less than 40 m2,Hong Kong,130380.0
201412,Less than 40 m2,Hong Kong,135771.0
201503,Less than 40 m2,Hong Kong,145472.0
201506,Less than 40 m2,Hong Kong,147340.0
201509,Less than 40 m2,Hong Kong,150803.0
201512,Less than 40 m2,Hong Kong,139916.0
201603,Less than 40 m2,Hong Kong,129575.0
201606,Less than 40 m2,Hong Kong,131112.0
201609,Less than 40 m2,Hong Kong,139028.0
201612,Less than 40 m2,Hong Kong,143876.0
201703,Less than 40 m2,Hong Kong,150294.0
201706,Less than 40 m2,Hong Kong,158464.0
201709,Less than 40 m2,Hong Kong,161318.0
201712,Less than 40 m2,Hong Kong,162722.0
201803,Less than 40 m2,Hong Kong,173021.0
201806,Less than 40 m2,Hong Kong,183226.0
201809,Less than 40 m2,Hong Kong,187397.0
201812,Less than 40 m2,Hong Kong,177977.0
201903,Less than 40 m2,Hong Kong,175016.0
201906,Less than 40 m2,Hong Kong,186914.0
201909,Less than 40 m2,Hong Kong,188314.0
201912,Less than 40 m2,Hong Kong,184711.0
202003,Less than 40 m2,Hong Kong,186900.0
202006,Less than 40 m2,Hong Kong,187952.0
202009,Less than 40 m2,Hong Kong,187820.0
202012,Less than 40 m2,Hong Kong,185035.0
202103,Less than 40 m2,Hong Kong,187633.0
202106,Less than 40 m2,Hong Kong,190593.0
202109,Less than 40 m2,Hong Kong,193697.0
202112,Less than 40 m2,Hong Kong,184556.0
202203,Less than 40 m2,Hong Kong,183328.0
202206,Less than 40 m2,Hong Kong,180777.0
202209,Less than 40 m2,Hong Kong,166816.0
202212,Less than 40 m2,Hong Kong,151923.0
202303,Less than 40 m2,Hong Kong,156649.0
202306,Less than 40 m2,Hong Kong,159309.0
202309,Less than 40 m2,Hong Kong,150424.0
202312,Less than 40 m2,Hong Kong,144761.0
202403,Less than 40 m2,Hong Kong,135212.0
202406,Less than 40 m2,Hong Kong,138938.0
202409,Less than 40 m2,Hong Kong,130932.0
202412,Less than 40 m2,Hong Kong,129666.0
202503,Less than 40 m2,Hong Kong,125616.0
202506,Less than 40 m2,Hong Kong,126330.0
202509,Less than 40 m2,Hong Kong,133227.0
202512,Less than 40 m2,Hong Kong,134836.0
202603,Less than 40 m2,Hong Kong,140675.0
199903,Less than 40 m2,Kowloon,36559.0
199906,Less than 40 m2,Kowloon,36420.0
199909,Less than 40 m2,Kowloon,34464.0
199912,Less than 40 m2,Kowloon,33898.0
200003,Less than 40 m2,Kowloon,33347.0
200006,Less than 40 m2,Kowloon,31011.0
200009,Less than 40 m2,Kowloon,30592.0
200012,Less than 40 m2,Kowloon,29038.0
200103,Less than 40 m2,Kowloon,27863.0
200106,Less than 40 m2,Kowloon,27521.0
200109,Less than 40 m2,Kowloon,26091.0
200112,Less than 40 m2,Kowloon,24929.0
200203,Less than 40 m2,Kowloon,24861.0
200206,Less than 40 m2,Kowloon,23772.0
200209,Less than 40 m2,Kowloon,22840.0
200212,Less than 40 m2,Kowloon,21594.0
200303,Less than 40 m2,Kowloon,20999.0
200306,Less than 40 m2,Kowloon,20186.0
200309,Less than 40 m2,Kowloon,20309.0
200312,Less than 40 m2,Kowloon,21661.0
200403,Less than 40 m2,Kowloon,23866.0
200406,Less than 40 m2,Kowloon,24964.0
200409,Less than 40 m2,Kowloon,25025.0
200412,Less than 40 m2,Kowloon,26726.0
200503,Less than 40 m2,Kowloon,29202.0
200506,Less than 40 m2,Kowloon,30627.0
200509,Less than 40 m2,Kowloon,30297.0
200512,Less than 40 m2,Kowloon,29234.0
200603,Less than 40 m2,Kowloon,29371.0
200606,Less than 40 m2,Kowloon,30107.0
200609,Less than 40 m2,Kowloon,30323.0
200612,Less than 40 m2,Kowloon,30470.0
200703,Less than 40 m2,Kowloon,32661.0
200706,Less than 40 m2,Kowloon,34385.0
200709,Less than 40 m2,Kowloon,36681.0
200712,Less than 40 m2,Kowloon,41567.0
200803,Less than 40 m2,Kowloon,43543.0
200806,Less than 40 m2,Kowloon,44107.0
200809,Less than 40 m2,Kowloon,42551.0
200812,Less than 40 m2,Kowloon,39077.0
200903,Less than 40 m2,Kowloon,37688.0
200906,Less than 40 m2,Kowloon,42441.0
200909,Less than 40 m2,Kowloon,46385.0
200912,Less than 40 m2,Kowloon,48522.0
201003,Less than 40 m2,Kowloon,52316.0
201006,Less than 40 m2,Kowloon,53447.0
201009,Less than 40 m2,Kowloon,56912.0
201012,Less than 40 m2,Kowloon,59966.0
201103,Less than 40 m2,Kowloon,66010.0
201106,Less than 40 m2,Kowloon,69067.0
201109,Less than 40 m2,Kowloon,68682.0
201112,Less than 40 m2,Kowloon,67082.0
201203,Less than 40 m2,Kowloon,72601.0
201206,Less than 40 m2,Kowloon,78010.0
201209,Less than 40 m2,Kowloon,83785.0
201212,Less than 40 m2,Kowloon,88453.0
201303,Less than 40 m2,Kowloon,93092.0
201306,Less than 40 m2,Kowloon,95887.0
201309,Less than 40 m2,Kowloon,95929.0
201312,Less than 40 m2,Kowloon,94482.0
201403,Less than 40 m2,Kowloon,95513.0
201406,Less than 40 m2,Kowloon,100895.0
201409,Less than 40 m2,Kowloon,105432.0
201412,Less than 40 m2,Kowloon,112686.0
201503,Less than 40 m2,Kowloon,116538.0
201506,Less than 40 m2,Kowloon,119171.0
201509,Less than 40 m2,Kowloon,123021.0
201512,Less than 40 m2,Kowloon,110253.0
201603,Less than 40 m2,Kowloon,104597.0
201606,Less than 40 m2,Kowloon,107941.0
201609,Less than 40 m2,Kowloon,114126.0
201612,Less than 40 m2,Kowloon,118048.0
201703,Less than 40 m2,Kowloon,123942.0
201706,Less than 40 m2,Kowloon,129889.0
201709,Less than 40 m2,Kowloon,130337.0
201712,Less than 40 m2,Kowloon,136543.0
201803,Less than 40 m2,Kowloon,145869.0
201806,Less than 40 m2,Kowloon,154123.0
201809,Less than 40 m2,Kowloon,155180.0
201812,Less than 40 m2,Kowloon,140491.0
201903,Less than 40 m2,Kowloon,150390.0
201906,Less than 40 m2,Kowloon,161643.0
201909,Less than 40 m2,Kowloon,159806.0
201912,Less than 40 m2,Kowloon,157330.0
202003,Less than 40 m2,Kowloon,160477.0
202006,Less than 40 m2,Kowloon,164214.0
202009,Less than 40 m2,Kowloon,164619.0
202012,Less than 40 m2,Kowloon,162917.0
202103,Less than 40 m2,Kowloon,164431.0
202106,Less than 40 m2,Kowloon,165816.0
202109,Less than 40 m2,Kowloon,171345.0
202112,Less than 40 m2,Kowloon,160625.0
202203,Less than 40 m2,Kowloon,159280.0
202206,Less than 40 m2,Kowloon,157556.0
202209,Less than 40 m2,Kowloon,149501.0
202212,Less than 40 m2,Kowloon,137729.0
202303,Less than 40 m2,Kowloon,141350.0
202306,Less than 40 m2,Kowloon,137684.0
202309,Less than 40 m2,Kowloon,130348.0
202312,Less than 40 m2,Kowloon,123327.0
202403,Less than 40 m2,Kowloon,120257.0
202406,Less than 40 m2,Kowloon,117280.0
202409,Less than 40 m2,Kowloon,113153.0
202412,Less than 40 m2,Kowloon,113412.0
202503,Less than 40 m2,Kowloon,114265.0
202506,Less than 40 m2,Kowloon,113974.0
202509,Less than 40 m2,Kowloon,115578.0
202512,Less than 40 m2,Kowloon,117706.0
202603,Less than 40 m2,Kowloon,127467.0
199903,Less than 40 m2,New Territories,36830.0
199906,Less than 40 m2,New Territories,37066.0
199909,Less than 40 m2,New Territories,35125.0
199912,Less than 40 m2,New Territories,33226.0
200003,Less than 40 m2,New Territories,33756.0
200006,Less than 40 m2,New Territories,31526.0
200009,Less than 40 m2,New Territories,31071.0
200012,Less than 40 m2,New Territories,29425.0
200103,Less than 40 m2,New Territories,28334.0
200106,Less than 40 m2,New Territories,28609.0
200109,Less than 40 m2,New Territories,28166.0
200112,Less than 40 m2,New Territories,26374.0
200203,Less than 40 m2,New Territories,25789.0
200206,Less than 40 m2,New Territories,25176.0
200209,Less than 40 m2,New Territories,24106.0
200212,Less than 40 m2,New Territories,22283.0
200303,Less than 40 m2,New Territories,21285.0
200306,Less than 40 m2,New Territories,20080.0
200309,Less than 40 m2,New Territories,20103.0
200312,Less than 40 m2,New Territories,21740.0
200403,Less than 40 m2,New Territories,25179.0
200406,Less than 40 m2,New Territories,26321.0
200409,Less than 40 m2,New Territories,26678.0
200412,Less than 40 m2,New Territories,28085.0
200503,Less than 40 m2,New Territories,30678.0
200506,Less than 40 m2,New Territories,31079.0
200509,Less than 40 m2,New Territories,30506.0
200512,Less than 40 m2,New Territories,29194.0
200603,Less than 40 m2,New Territories,29834.0
200606,Less than 40 m2,New Territories,29215.0
200609,Less than 40 m2,New Territories,28638.0
200612,Less than 40 m2,New Territories,28060.0
200703,Less than 40 m2,New Territories,29939.0
200706,Less than 40 m2,New Territories,30889.0
200709,Less than 40 m2,New Territories,31991.0
200712,Less than 40 m2,New Territories,35198.0
200803,Less than 40 m2,New Territories,38695.0
200806,Less than 40 m2,New Territories,38133.0
200809,Less than 40 m2,New Territories,37858.0
200812,Less than 40 m2,New Territories,34217.0
200903,Less than 40 m2,New Territories,35185.0
200906,Less than 40 m2,New Territories,37852.0
200909,Less than 40 m2,New Territories,40359.0
200912,Less than 40 m2,New Territories,41833.0
201003,Less than 40 m2,New Territories,44637.0
201006,Less than 40 m2,New Territories,46674.0
201009,Less than 40 m2,New Territories,49161.0
201012,Less than 40 m2,New Territories,52205.0
201103,Less than 40 m2,New Territories,56492.0
201106,Less than 40 m2,New Territories,59607.0
201109,Less than 40 m2,New Territories,60131.0
201112,Less than 40 m2,New Territories,56471.0
201203,Less than 40 m2,New Territories,61740.0
201206,Less than 40 m2,New Territories,64630.0
201209,Less than 40 m2,New Territories,71837.0
201212,Less than 40 m2,New Territories,76507.0
201303,Less than 40 m2,New Territories,82801.0
201306,Less than 40 m2,New Territories,83067.0
201309,Less than 40 m2,New Territories,84160.0
201312,Less than 40 m2,New Territories,82597.0
201403,Less than 40 m2,New Territories,84218.0
201406,Less than 40 m2,New Territories,88508.0
201409,Less than 40 m2,New Territories,92835.0
201412,Less than 40 m2,New Territories,98179.0
201503,Less than 40 m2,New Territories,105264.0
201506,Less than 40 m2,New Territories,109567.0
201509,Less than 40 m2,New Territories,112574.0
201512,Less than 40 m2,New Territories,101504.0
201603,Less than 40 m2,New Territories,96175.0
201606,Less than 40 m2,New Territories,97917.0
201609,Less than 40 m2,New Territories,103747.0
201612,Less than 40 m2,New Territories,109963.0
201703,Less than 40 m2,New Territories,116730.0
201706,Less than 40 m2,New Territories,121319.0
201709,Less than 40 m2,New Territories,121291.0
201712,Less than 40 m2,New Territories,126499.0
201803,Less than 40 m2,New Territories,132993.0
201806,Less than 40 m2,New Territories,142628.0
201809,Less than 40 m2,New Territories,143655.0
201812,Less than 40 m2,New Territories,133142.0
201903,Less than 40 m2,New Territories,138519.0
201906,Less than 40 m2,New Territories,147374.0
201909,Less than 40 m2,New Territories,146255.0
201912,Less than 40 m2,New Territories,147005.0
202003,Less than 40 m2,New Territories,147465.0
202006,Less than 40 m2,New Territories,152335.0
202009,Less than 40 m2,New Territories,150061.0
202012,Less than 40 m2,New Territories,148235.0
202103,Less than 40 m2,New Territories,151932.0
202106,Less than 40 m2,New Territories,154418.0
202109,Less than 40 m2,New Territories,151905.0
202112,Less than 40 m2,New Territories,152622.0
202203,Less than 40 m2,New Territories,150624.0
202206,Less than 40 m2,New Territories,148561.0
202209,Less than 40 m2,New Territories,141995.0
202212,Less than 40 m2,New Territories,131570.0
202303,Less than 40 m2,New Territories,134869.0
202306,Less than 40 m2,New Territories,135015.0
202309,Less than 40 m2,New Territories,125912.0
202312,Less than 40 m2,New Territories,117199.0
202403,Less than 40 m2,New Territories,115038.0
202406,Less than 40 m2,New Territories,112657.0
202409,Less than 40 m2,New Territories,108679.0
202412,Less than 40 m2,New Territories,110248.0
202503,Less than 40 m2,New Territories,108279.0
202506,Less than 40 m2,New Territories,108523.0
202509,Less than 40 m2,New Territories,111129.0
202512,Less than 40 m2,New Territories,112288.0
202603,Less than 40 m2,New Territories,121359.0
199903,40 m2 to 69.9 m2,Hong Kong,50010.0
199906,40 m2 to 69.9 m2,Hong Kong,50247.0
199909,40 m2 to 69.9 m2,Hong Kong,49729.0
199912,40 m2 to 69.9 m2,Hong Kong,46717.0
200003,40 m2 to 69.9 m2,Hong Kong,47301.0
200006,40 m2 to 69.9 m2,Hong Kong,43370.0
200009,40 m2 to 69.9 m2,Hong Kong,42483.0
200012,40 m2 to 69.9 m2,Hong Kong,41442.0
200103,40 m2 to 69.9 m2,Hong Kong,40630.0
200106,40 m2 to 69.9 m2,Hong Kong,40059.0
200109,40 m2 to 69.9 m2,Hong Kong,39339.0
200112,40 m2 to 69.9 m2,Hong Kong,35673.0
200203,40 m2 to 69.9 m2,Hong Kong,35810.0
200206,40 m2 to 69.9 m2,Hong Kong,35051.0
200209,40 m2 to 69.9 m2,Hong Kong,33527.0
200212,40 m2 to 69.9 m2,Hong Kong,31629.0
200303,40 m2 to 69.9 m2,Hong Kong,29997.0
200306,40 m2 to 69.9 m2,Hong Kong,27830.0
200309,40 m2 to 69.9 m2,Hong Kong,30036.0
200312,40 m2 to 69.9 m2,Hong Kong,32907.0
200403,40 m2 to 69.9 m2,Hong Kong,39849.0
200406,40 m2 to 69.9 m2,Hong Kong,39295.0
200409,40 m2 to 69.9 m2,Hong Kong,41313.0
200412,40 m2 to 69.9 m2,Hong Kong,45502.0
200503,40 m2 to 69.9 m2,Hong Kong,49714.0
200506,40 m2 to 69.9 m2,Hong Kong,50046.0
200509,40 m2 to 69.9 m2,Hong Kong,48922.0
200512,40 m2 to 69.9 m2,Hong Kong,47438.0
200603,40 m2 to 69.9 m2,Hong Kong,51072.0
200606,40 m2 to 69.9 m2,Hong Kong,52200.0
200609,40 m2 to 69.9 m2,Hong Kong,52837.0
200612,40 m2 to 69.9 m2,Hong Kong,52776.0
200703,40 m2 to 69.9 m2,Hong Kong,54737.0
200706,40 m2 to 69.9 m2,Hong Kong,57590.0
200709,40 m2 to 69.9 m2,Hong Kong,60265.0
200712,40 m2 to 69.9 m2,Hong Kong,69090.0
200803,40 m2 to 69.9 m2,Hong Kong,77111.0
200806,40 m2 to 69.9 m2,Hong Kong,75758.0
200809,40 m2 to 69.9 m2,Hong Kong,70459.0
200812,40 m2 to 69.9 m2,Hong Kong,59085.0
200903,40 m2 to 69.9 m2,Hong Kong,61817.0
200906,40 m2 to 69.9 m2,Hong Kong,69413.0
200909,40 m2 to 69.9 m2,Hong Kong,75094.0
200912,40 m2 to 69.9 m2,Hong Kong,76892.0
201003,40 m2 to 69.9 m2,Hong Kong,82238.0
201006,40 m2 to 69.9 m2,Hong Kong,83631.0
201009,40 m2 to 69.9 m2,Hong Kong,87434.0
201012,40 m2 to 69.9 m2,Hong Kong,93418.0
201103,40 m2 to 69.9 m2,Hong Kong,98483.0
201106,40 m2 to 69.9 m2,Hong Kong,105717.0
201109,40 m2 to 69.9 m2,Hong Kong,104253.0
201112,40 m2 to 69.9 m2,Hong Kong,100528.0
201203,40 m2 to 69.9 m2,Hong Kong,103205.0
201206,40 m2 to 69.9 m2,Hong Kong,110659.0
201209,40 m2 to 69.9 m2,Hong Kong,116111.0
201212,40 m2 to 69.9 m2,Hong Kong,123124.0
201303,40 m2 to 69.9 m2,Hong Kong,128354.0
201306,40 m2 to 69.9 m2,Hong Kong,125807.0
201309,40 m2 to 69.9 m2,Hong Kong,128776.0
201312,40 m2 to 69.9 m2,Hong Kong,122420.0
201403,40 m2 to 69.9 m2,Hong Kong,123075.0
201406,40 m2 to 69.9 m2,Hong Kong,125467.0
201409,40 m2 to 69.9 m2,Hong Kong,131039.0
201412,40 m2 to 69.9 m2,Hong Kong,136250.0
201503,40 m2 to 69.9 m2,Hong Kong,144193.0
201506,40 m2 to 69.9 m2,Hong Kong,151411.0
201509,40 m2 to 69.9 m2,Hong Kong,152001.0
201512,40 m2 to 69.9 m2,Hong Kong,140296.0
201603,40 m2 to 69.9 m2,Hong Kong,136228.0
201606,40 m2 to 69.9 m2,Hong Kong,133898.0
201609,40 m2 to 69.9 m2,Hong Kong,140207.0
201612,40 m2 to 69.9 m2,Hong Kong,147062.0
201703,40 m2 to 69.9 m2,Hong Kong,151856.0
201706,40 m2 to 69.9 m2,Hong Kong,164644.0
201709,40 m2 to 69.9 m2,Hong Kong,160586.0
201712,40 m2 to 69.9 m2,Hong Kong,165918.0
201803,40 m2 to 69.9 m2,Hong Kong,171492.0
201806,40 m2 to 69.9 m2,Hong Kong,178027.0
201809,40 m2 to 69.9 m2,Hong Kong,183249.0
201812,40 m2 to 69.9 m2,Hong Kong,173771.0
201903,40 m2 to 69.9 m2,Hong Kong,178419.0
201906,40 m2 to 69.9 m2,Hong Kong,187344.0
201909,40 m2 to 69.9 m2,Hong Kong,185618.0
201912,40 m2 to 69.9 m2,Hong Kong,182557.0
202003,40 m2 to 69.9 m2,Hong Kong,182086.0
202006,40 m2 to 69.9 m2,Hong Kong,184030.0
202009,40 m2 to 69.9 m2,Hong Kong,181394.0
202012,40 m2 to 69.9 m2,Hong Kong,181985.0
202103,40 m2 to 69.9 m2,Hong Kong,182139.0
202106,40 m2 to 69.9 m2,Hong Kong,186320.0
202109,40 m2 to 69.9 m2,Hong Kong,186061.0
202112,40 m2 to 69.9 m2,Hong Kong,184267.0
202203,40 m2 to 69.9 m2,Hong Kong,182566.0
202206,40 m2 to 69.9 m2,Hong Kong,181586.0
202209,40 m2 to 69.9 m2,Hong Kong,169382.0
202212,40 m2 to 69.9 m2,Hong Kong,155746.0
202303,40 m2 to 69.9 m2,Hong Kong,163752.0
202306,40 m2 to 69.9 m2,Hong Kong,164913.0
202309,40 m2 to 69.9 m2,Hong Kong,153419.0
202312,40 m2 to 69.9 m2,Hong Kong,149974.0
202403,40 m2 to 69.9 m2,Hong Kong,144527.0
202406,40 m2 to 69.9 m2,Hong Kong,143278.0
202409,40 m2 to 69.9 m2,Hong Kong,137989.0
202412,40 m2 to 69.9 m2,Hong Kong,138609.0
202503,40 m2 to 69.9 m2,Hong Kong,133076.0
202506,40 m2 to 69.9 m2,Hong Kong,132860.0
202509,40 m2 to 69.9 m2,Hong Kong,133632.0
202512,40 m2 to 69.9 m2,Hong Kong,137937.0
202603,40 m2 to 69.9 m2,Hong Kong,146162.0
199903,40 m2 to 69.9 m2,Kowloon,38194.0
199906,40 m2 to 69.9 m2,Kowloon,38390.0
199909,40 m2 to 69.9 m2,Kowloon,36101.0
199912,40 m2 to 69.9 m2,Kowloon,35587.0
200003,40 m2 to 69.9 m2,Kowloon,34072.0
200006,40 m2 to 69.9 m2,Kowloon,31918.0
200009,40 m2 to 69.9 m2,Kowloon,31805.0
200012,40 m2 to 69.9 m2,Kowloon,28993.0
200103,40 m2 to 69.9 m2,Kowloon,29031.0
200106,40 m2 to 69.9 m2,Kowloon,29565.0
200109,40 m2 to 69.9 m2,Kowloon,28256.0
200112,40 m2 to 69.9 m2,Kowloon,26449.0
200203,40 m2 to 69.9 m2,Kowloon,26318.0
200206,40 m2 to 69.9 m2,Kowloon,25798.0
200209,40 m2 to 69.9 m2,Kowloon,24105.0
200212,40 m2 to 69.9 m2,Kowloon,22320.0
200303,40 m2 to 69.9 m2,Kowloon,21512.0
200306,40 m2 to 69.9 m2,Kowloon,20505.0
200309,40 m2 to 69.9 m2,Kowloon,21339.0
200312,40 m2 to 69.9 m2,Kowloon,23717.0
200403,40 m2 to 69.9 m2,Kowloon,31128.0
200406,40 m2 to 69.9 m2,Kowloon,30925.0
200409,40 m2 to 69.9 m2,Kowloon,32008.0
200412,40 m2 to 69.9 m2,Kowloon,36538.0
200503,40 m2 to 69.9 m2,Kowloon,40639.0
200506,40 m2 to 69.9 m2,Kowloon,39514.0
200509,40 m2 to 69.9 m2,Kowloon,38963.0
200512,40 m2 to 69.9 m2,Kowloon,34093.0
200603,40 m2 to 69.9 m2,Kowloon,38341.0
200606,40 m2 to 69.9 m2,Kowloon,38889.0
200609,40 m2 to 69.9 m2,Kowloon,37463.0
200612,40 m2 to 69.9 m2,Kowloon,37575.0
200703,40 m2 to 69.9 m2,Kowloon,41423.0
200706,40 m2 to 69.9 m2,Kowloon,42136.0
200709,40 m2 to 69.9 m2,Kowloon,46555.0
200712,40 m2 to 69.9 m2,Kowloon,55226.0
200803,40 m2 to 69.9 m2,Kowloon,57534.0
200806,40 m2 to 69.9 m2,Kowloon,53508.0
200809,40 m2 to 69.9 m2,Kowloon,51472.0
200812,40 m2 to 69.9 m2,Kowloon,47387.0
200903,40 m2 to 69.9 m2,Kowloon,46711.0
200906,40 m2 to 69.9 m2,Kowloon,54628.0
200909,40 m2 to 69.9 m2,Kowloon,58069.0
200912,40 m2 to 69.9 m2,Kowloon,59632.0
201003,40 m2 to 69.9 m2,Kowloon,65948.0
201006,40 m2 to 69.9 m2,Kowloon,66501.0
201009,40 m2 to 69.9 m2,Kowloon,72094.0
201012,40 m2 to 69.9 m2,Kowloon,74292.0
201103,40 m2 to 69.9 m2,Kowloon,82857.0
201106,40 m2 to 69.9 m2,Kowloon,82998.0
201109,40 m2 to 69.9 m2,Kowloon,81036.0
201112,40 m2 to 69.9 m2,Kowloon,78519.0
201203,40 m2 to 69.9 m2,Kowloon,86131.0
201206,40 m2 to 69.9 m2,Kowloon,89365.0
201209,40 m2 to 69.9 m2,Kowloon,96822.0
201212,40 m2 to 69.9 m2,Kowloon,103400.0
201303,40 m2 to 69.9 m2,Kowloon,108206.0
201306,40 m2 to 69.9 m2,Kowloon,102276.0
201309,40 m2 to 69.9 m2,Kowloon,103693.0
201312,40 m2 to 69.9 m2,Kowloon,97846.0
201403,40 m2 to 69.9 m2,Kowloon,101386.0
201406,40 m2 to 69.9 m2,Kowloon,105157.0
201409,40 m2 to 69.9 m2,Kowloon,110709.0
201412,40 m2 to 69.9 m2,Kowloon,115717.0
201503,40 m2 to 69.9 m2,Kowloon,121226.0
201506,40 m2 to 69.9 m2,Kowloon,123255.0
201509,40 m2 to 69.9 m2,Kowloon,124346.0
201512,40 m2 to 69.9 m2,Kowloon,110605.0
201603,40 m2 to 69.9 m2,Kowloon,110888.0
201606,40 m2 to 69.9 m2,Kowloon,111212.0
201609,40 m2 to 69.9 m2,Kowloon,117703.0
201612,40 m2 to 69.9 m2,Kowloon,120320.0
201703,40 m2 to 69.9 m2,Kowloon,127379.0
201706,40 m2 to 69.9 m2,Kowloon,129303.0
201709,40 m2 to 69.9 m2,Kowloon,130669.0
201712,40 m2 to 69.9 m2,Kowloon,135812.0
201803,40 m2 to 69.9 m2,Kowloon,144662.0
201806,40 m2 to 69.9 m2,Kowloon,152639.0
201809,40 m2 to 69.9 m2,Kowloon,147120.0
201812,40 m2 to 69.9 m2,Kowloon,138977.0
201903,40 m2 to 69.9 m2,Kowloon,149485.0
201906,40 m2 to 69.9 m2,Kowloon,156754.0
201909,40 m2 to 69.9 m2,Kowloon,152243.0
201912,40 m2 to 69.9 m2,Kowloon,156134.0
202003,40 m2 to 69.9 m2,Kowloon,156501.0
202006,40 m2 to 69.9 m2,Kowloon,160721.0
202009,40 m2 to 69.9 m2,Kowloon,163633.0
202012,40 m2 to 69.9 m2,Kowloon,159591.0
202103,40 m2 to 69.9 m2,Kowloon,162639.0
202106,40 m2 to 69.9 m2,Kowloon,163181.0
202109,40 m2 to 69.9 m2,Kowloon,162428.0
202112,40 m2 to 69.9 m2,Kowloon,153269.0
202203,40 m2 to 69.9 m2,Kowloon,158302.0
202206,40 m2 to 69.9 m2,Kowloon,159554.0
202209,40 m2 to 69.9 m2,Kowloon,149215.0
202212,40 m2 to 69.9 m2,Kowloon,139339.0
202303,40 m2 to 69.9 m2,Kowloon,146506.0
202306,40 m2 to 69.9 m2,Kowloon,147575.0
202309,40 m2 to 69.9 m2,Kowloon,136242.0
202312,40 m2 to 69.9 m2,Kowloon,133635.0
202403,40 m2 to 69.9 m2,Kowloon,128950.0
202406,40 m2 to 69.9 m2,Kowloon,129951.0
202409,40 m2 to 69.9 m2,Kowloon,121593.0
202412,40 m2 to 69.9 m2,Kowloon,124519.0
202503,40 m2 to 69.9 m2,Kowloon,118303.0
202506,40 m2 to 69.9 m2,Kowloon,120308.0
202509,40 m2 to 69.9 m2,Kowloon,125030.0
202512,40 m2 to 69.9 m2,Kowloon,129058.0
202603,40 m2 to 69.9 m2,Kowloon,133169.0
199903,40 m2 to 69.9 m2,New Territories,35682.0
199906,40 m2 to 69.9 m2,New Territories,36402.0
199909,40 m2 to 69.9 m2,New Territories,34969.0
199912,40 m2 to 69.9 m2,New Territories,32785.0
200003,40 m2 to 69.9 m2,New Territories,33686.0
200006,40 m2 to 69.9 m2,New Territories,31531.0
200009,40 m2 to 69.9 m2,New Territories,30617.0
200012,40 m2 to 69.9 m2,New Territories,29509.0
200103,40 m2 to 69.9 m2,New Territories,28801.0
200106,40 m2 to 69.9 m2,New Territories,28253.0
200109,40 m2 to 69.9 m2,New Territories,28377.0
200112,40 m2 to 69.9 m2,New Territories,26031.0
200203,40 m2 to 69.9 m2,New Territories,25184.0
200206,40 m2 to 69.9 m2,New Territories,25631.0
200209,40 m2 to 69.9 m2,New Territories,24433.0
200212,40 m2 to 69.9 m2,New Territories,22838.0
200303,40 m2 to 69.9 m2,New Territories,21440.0
200306,40 m2 to 69.9 m2,New Territories,20270.0
200309,40 m2 to 69.9 m2,New Territories,20818.0
200312,40 m2 to 69.9 m2,New Territories,22368.0
200403,40 m2 to 69.9 m2,New Territories,25994.0
200406,40 m2 to 69.9 m2,New Territories,27615.0
200409,40 m2 to 69.9 m2,New Territories,28338.0
200412,40 m2 to 69.9 m2,New Territories,29837.0
200503,40 m2 to 69.9 m2,New Territories,32126.0
200506,40 m2 to 69.9 m2,New Territories,33291.0
200509,40 m2 to 69.9 m2,New Territories,33475.0
200512,40 m2 to 69.9 m2,New Territories,31486.0
200603,40 m2 to 69.9 m2,New Territories,32039.0
200606,40 m2 to 69.9 m2,New Territories,31841.0
200609,40 m2 to 69.9 m2,New Territories,30521.0
200612,40 m2 to 69.9 m2,New Territories,30337.0
200703,40 m2 to 69.9 m2,New Territories,31557.0
200706,40 m2 to 69.9 m2,New Territories,32298.0
200709,40 m2 to 69.9 m2,New Territories,33322.0
200712,40 m2 to 69.9 m2,New Territories,37178.0
200803,40 m2 to 69.9 m2,New Territories,38548.0
200806,40 m2 to 69.9 m2,New Territories,39024.0
200809,40 m2 to 69.9 m2,New Territories,38551.0
200812,40 m2 to 69.9 m2,New Territories,35521.0
200903,40 m2 to 69.9 m2,New Territories,36086.0
200906,40 m2 to 69.9 m2,New Territories,38867.0
200909,40 m2 to 69.9 m2,New Territories,40472.0
200912,40 m2 to 69.9 m2,New Territories,41364.0
201003,40 m2 to 69.9 m2,New Territories,43924.0
201006,40 m2 to 69.9 m2,New Territories,45589.0
201009,40 m2 to 69.9 m2,New Territories,48466.0
201012,40 m2 to 69.9 m2,New Territories,50531.0
201103,40 m2 to 69.9 m2,New Territories,55298.0
201106,40 m2 to 69.9 m2,New Territories,57256.0
201109,40 m2 to 69.9 m2,New Territories,57860.0
201112,40 m2 to 69.9 m2,New Territories,54983.0
201203,40 m2 to 69.9 m2,New Territories,59847.0
201206,40 m2 to 69.9 m2,New Territories,63379.0
201209,40 m2 to 69.9 m2,New Territories,68512.0
201212,40 m2 to 69.9 m2,New Territories,71832.0
201303,40 m2 to 69.9 m2,New Territories,75601.0
201306,40 m2 to 69.9 m2,New Territories,75881.0
201309,40 m2 to 69.9 m2,New Territories,75801.0
201312,40 m2 to 69.9 m2,New Territories,74289.0
201403,40 m2 to 69.9 m2,New Territories,75281.0
201406,40 m2 to 69.9 m2,New Territories,79239.0
201409,40 m2 to 69.9 m2,New Territories,82837.0
201412,40 m2 to 69.9 m2,New Territories,86313.0
201503,40 m2 to 69.9 m2,New Territories,91785.0
201506,40 m2 to 69.9 m2,New Territories,95815.0
201509,40 m2 to 69.9 m2,New Territories,98372.0
201512,40 m2 to 69.9 m2,New Territories,88846.0
201603,40 m2 to 69.9 m2,New Territories,84588.0
201606,40 m2 to 69.9 m2,New Territories,88451.0
201609,40 m2 to 69.9 m2,New Territories,93870.0
201612,40 m2 to 69.9 m2,New Territories,97581.0
201703,40 m2 to 69.9 m2,New Territories,102384.0
201706,40 m2 to 69.9 m2,New Territories,106744.0
201709,40 m2 to 69.9 m2,New Territories,104937.0
201712,40 m2 to 69.9 m2,New Territories,111563.0
201803,40 m2 to 69.9 m2,New Territories,116464.0
201806,40 m2 to 69.9 m2,New Territories,123758.0
201809,40 m2 to 69.9 m2,New Territories,124377.0
201812,40 m2 to 69.9 m2,New Territories,112943.0
201903,40 m2 to 69.9 m2,New Territories,121895.0
201906,40 m2 to 69.9 m2,New Territories,127059.0
201909,40 m2 to 69.9 m2,New Territories,125027.0
201912,40 m2 to 69.9 m2,New Territories,127987.0
202003,40 m2 to 69.9 m2,New Territories,129670.0
202006,40 m2 to 69.9 m2,New Territories,131930.0
202009,40 m2 to 69.9 m2,New Territories,132951.0
202012,40 m2 to 69.9 m2,New Territories,132966.0
202103,40 m2 to 69.9 m2,New Territories,135609.0
202106,40 m2 to 69.9 m2,New Territories,137357.0
202109,40 m2 to 69.9 m2,New Territories,137623.0
202112,40 m2 to 69.9 m2,New Territories,134620.0
202203,40 m2 to 69.9 m2,New Territories,135251.0
202206,40 m2 to 69.9 m2,New Territories,136166.0
202209,40 m2 to 69.9 m2,New Territories,127641.0
202212,40 m2 to 69.9 m2,New Territories,121307.0
202303,40 m2 to 69.9 m2,New Territories,124406.0
202306,40 m2 to 69.9 m2,New Territories,125226.0
202309,40 m2 to 69.9 m2,New Territories,120425.0
202312,40 m2 to 69.9 m2,New Territories,112404.0
202403,40 m2 to 69.9 m2,New Territories,110859.0
202406,40 m2 to 69.9 m2,New Territories,110095.0
202409,40 m2 to 69.9 m2,New Territories,105788.0
202412,40 m2 to 69.9 m2,New Territories,107475.0
202503,40 m2 to 69.9 m2,New Territories,102794.0
202506,40 m2 to 69.9 m2,New Territories,103516.0
202509,40 m2 to 69.9 m2,New Territories,104913.0
202512,40 m2 to 69.9 m2,New Territories,107437.0
202603,40 m2 to 69.9 m2,New Territories,112738.0
199903,70 m2 to 99.9 m2,Hong Kong,61645.0
199906,70 m2 to 99.9 m2,Hong Kong,63070.0
199909,70 m2 to 99.9 m2,Hong Kong,59646.0
199912,70 m2 to 99.9 m2,Hong Kong,57991.0
200003,70 m2 to 99.9 m2,Hong Kong,59167.0
200006,70 m2 to 99.9 m2,Hong Kong,53813.0
200009,70 m2 to 99.9 m2,Hong Kong,54120.0
200012,70 m2 to 99.9 m2,Hong Kong,51895.0
200103,70 m2 to 99.9 m2,Hong Kong,50401.0
200106,70 m2 to 99.9 m2,Hong Kong,53556.0
200109,70 m2 to 99.9 m2,Hong Kong,46702.0
200112,70 m2 to 99.9 m2,Hong Kong,45219.0
200203,70 m2 to 99.9 m2,Hong Kong,42658.0
200206,70 m2 to 99.9 m2,Hong Kong,44559.0
200209,70 m2 to 99.9 m2,Hong Kong,40363.0
200212,70 m2 to 99.9 m2,Hong Kong,40044.0
200303,70 m2 to 99.9 m2,Hong Kong,40009.0
200306,70 m2 to 99.9 m2,Hong Kong,36977.0
200309,70 m2 to 99.9 m2,Hong Kong,38486.0
200312,70 m2 to 99.9 m2,Hong Kong,43987.0
200403,70 m2 to 99.9 m2,Hong Kong,54047.0
200406,70 m2 to 99.9 m2,Hong Kong,53108.0
200409,70 m2 to 99.9 m2,Hong Kong,57012.0
200412,70 m2 to 99.9 m2,Hong Kong,62072.0
200503,70 m2 to 99.9 m2,Hong Kong,65189.0
200506,70 m2 to 99.9 m2,Hong Kong,68167.0
200509,70 m2 to 99.9 m2,Hong Kong,67833.0
200512,70 m2 to 99.9 m2,Hong Kong,65752.0
200603,70 m2 to 99.9 m2,Hong Kong,67835.0
200606,70 m2 to 99.9 m2,Hong Kong,71447.0
200609,70 m2 to 99.9 m2,Hong Kong,68076.0
200612,70 m2 to 99.9 m2,Hong Kong,69930.0
200703,70 m2 to 99.9 m2,Hong Kong,75308.0
200706,70 m2 to 99.9 m2,Hong Kong,78825.0
200709,70 m2 to 99.9 m2,Hong Kong,81646.0
200712,70 m2 to 99.9 m2,Hong Kong,91625.0
200803,70 m2 to 99.9 m2,Hong Kong,101443.0
200806,70 m2 to 99.9 m2,Hong Kong,100654.0
200809,70 m2 to 99.9 m2,Hong Kong,94354.0
200812,70 m2 to 99.9 m2,Hong Kong,78679.0
200903,70 m2 to 99.9 m2,Hong Kong,80460.0
200906,70 m2 to 99.9 m2,Hong Kong,91314.0
200909,70 m2 to 99.9 m2,Hong Kong,100796.0
200912,70 m2 to 99.9 m2,Hong Kong,104024.0
201003,70 m2 to 99.9 m2,Hong Kong,111075.0
201006,70 m2 to 99.9 m2,Hong Kong,110578.0
201009,70 m2 to 99.9 m2,Hong Kong,112905.0
201012,70 m2 to 99.9 m2,Hong Kong,118272.0
201103,70 m2 to 99.9 m2,Hong Kong,133064.0
201106,70 m2 to 99.9 m2,Hong Kong,143151.0
201109,70 m2 to 99.9 m2,Hong Kong,134256.0
201112,70 m2 to 99.9 m2,Hong Kong,126920.0
201203,70 m2 to 99.9 m2,Hong Kong,135800.0
201206,70 m2 to 99.9 m2,Hong Kong,139260.0
201209,70 m2 to 99.9 m2,Hong Kong,144639.0
201212,70 m2 to 99.9 m2,Hong Kong,153612.0
201303,70 m2 to 99.9 m2,Hong Kong,159032.0
201306,70 m2 to 99.9 m2,Hong Kong,158757.0
201309,70 m2 to 99.9 m2,Hong Kong,156464.0
201312,70 m2 to 99.9 m2,Hong Kong,164609.0
201403,70 m2 to 99.9 m2,Hong Kong,149240.0
201406,70 m2 to 99.9 m2,Hong Kong,149971.0
201409,70 m2 to 99.9 m2,Hong Kong,152555.0
201412,70 m2 to 99.9 m2,Hong Kong,161797.0
201503,70 m2 to 99.9 m2,Hong Kong,170079.0
201506,70 m2 to 99.9 m2,Hong Kong,175176.0
201509,70 m2 to 99.9 m2,Hong Kong,176480.0
201512,70 m2 to 99.9 m2,Hong Kong,160269.0
201603,70 m2 to 99.9 m2,Hong Kong,156570.0
201606,70 m2 to 99.9 m2,Hong Kong,154125.0
201609,70 m2 to 99.9 m2,Hong Kong,166314.0
201612,70 m2 to 99.9 m2,Hong Kong,168220.0
201703,70 m2 to 99.9 m2,Hong Kong,180118.0
201706,70 m2 to 99.9 m2,Hong Kong,185277.0
201709,70 m2 to 99.9 m2,Hong Kong,182797.0
201712,70 m2 to 99.9 m2,Hong Kong,192989.0
201803,70 m2 to 99.9 m2,Hong Kong,200015.0
201806,70 m2 to 99.9 m2,Hong Kong,214717.0
201809,70 m2 to 99.9 m2,Hong Kong,216050.0
201812,70 m2 to 99.9 m2,Hong Kong,215099.0
201903,70 m2 to 99.9 m2,Hong Kong,203771.0
201906,70 m2 to 99.9 m2,Hong Kong,224062.0
201909,70 m2 to 99.9 m2,Hong Kong,217469.0
201912,70 m2 to 99.9 m2,Hong Kong,211758.0
202003,70 m2 to 99.9 m2,Hong Kong,212535.0
202006,70 m2 to 99.9 m2,Hong Kong,207811.0
202009,70 m2 to 99.9 m2,Hong Kong,216714.0
202012,70 m2 to 99.9 m2,Hong Kong,209819.0
202103,70 m2 to 99.9 m2,Hong Kong,209229.0
202106,70 m2 to 99.9 m2,Hong Kong,214485.0
202109,70 m2 to 99.9 m2,Hong Kong,218662.0
202112,70 m2 to 99.9 m2,Hong Kong,217917.0
202203,70 m2 to 99.9 m2,Hong Kong,207870.0
202206,70 m2 to 99.9 m2,Hong Kong,205237.0
202209,70 m2 to 99.9 m2,Hong Kong,207658.0
202212,70 m2 to 99.9 m2,Hong Kong,187090.0
202303,70 m2 to 99.9 m2,Hong Kong,196126.0
202306,70 m2 to 99.9 m2,Hong Kong,193407.0
202309,70 m2 to 99.9 m2,Hong Kong,200053.0
202312,70 m2 to 99.9 m2,Hong Kong,177095.0
202403,70 m2 to 99.9 m2,Hong Kong,165098.0
202406,70 m2 to 99.9 m2,Hong Kong,167789.0
202409,70 m2 to 99.9 m2,Hong Kong,171396.0
202412,70 m2 to 99.9 m2,Hong Kong,162567.0
202503,70 m2 to 99.9 m2,Hong Kong,159302.0
202506,70 m2 to 99.9 m2,Hong Kong,158739.0
202509,70 m2 to 99.9 m2,Hong Kong,165302.0
202512,70 m2 to 99.9 m2,Hong Kong,168316.0
202603,70 m2 to 99.9 m2,Hong Kong,172047.0
199903,70 m2 to 99.9 m2,Kowloon,46165.0
199906,70 m2 to 99.9 m2,Kowloon,45222.0
199909,70 m2 to 99.9 m2,Kowloon,41719.0
199912,70 m2 to 99.9 m2,Kowloon,42179.0
200003,70 m2 to 99.9 m2,Kowloon,41727.0
200006,70 m2 to 99.9 m2,Kowloon,38280.0
200009,70 m2 to 99.9 m2,Kowloon,37198.0
200012,70 m2 to 99.9 m2,Kowloon,37060.0
200103,70 m2 to 99.9 m2,Kowloon,34073.0
200106,70 m2 to 99.9 m2,Kowloon,35967.0
200109,70 m2 to 99.9 m2,Kowloon,32757.0
200112,70 m2 to 99.9 m2,Kowloon,32218.0
200203,70 m2 to 99.9 m2,Kowloon,31800.0
200206,70 m2 to 99.9 m2,Kowloon,31573.0
200209,70 m2 to 99.9 m2,Kowloon,30626.0
200212,70 m2 to 99.9 m2,Kowloon,28574.0
200303,70 m2 to 99.9 m2,Kowloon,27380.0
200306,70 m2 to 99.9 m2,Kowloon,25574.0
200309,70 m2 to 99.9 m2,Kowloon,27355.0
200312,70 m2 to 99.9 m2,Kowloon,30468.0
200403,70 m2 to 99.9 m2,Kowloon,43781.0
200406,70 m2 to 99.9 m2,Kowloon,43957.0
200409,70 m2 to 99.9 m2,Kowloon,45939.0
200412,70 m2 to 99.9 m2,Kowloon,51877.0
200503,70 m2 to 99.9 m2,Kowloon,58841.0
200506,70 m2 to 99.9 m2,Kowloon,57460.0
200509,70 m2 to 99.9 m2,Kowloon,55180.0
200512,70 m2 to 99.9 m2,Kowloon,51997.0
200603,70 m2 to 99.9 m2,Kowloon,56608.0
200606,70 m2 to 99.9 m2,Kowloon,58557.0
200609,70 m2 to 99.9 m2,Kowloon,58175.0
200612,70 m2 to 99.9 m2,Kowloon,54964.0
200703,70 m2 to 99.9 m2,Kowloon,61569.0
200706,70 m2 to 99.9 m2,Kowloon,63761.0
200709,70 m2 to 99.9 m2,Kowloon,70447.0
200712,70 m2 to 99.9 m2,Kowloon,92187.0
200803,70 m2 to 99.9 m2,Kowloon,93864.0
200806,70 m2 to 99.9 m2,Kowloon,81212.0
200809,70 m2 to 99.9 m2,Kowloon,76907.0
200812,70 m2 to 99.9 m2,Kowloon,70151.0
200903,70 m2 to 99.9 m2,Kowloon,73337.0
200906,70 m2 to 99.9 m2,Kowloon,83716.0
200909,70 m2 to 99.9 m2,Kowloon,89988.0
200912,70 m2 to 99.9 m2,Kowloon,92348.0
201003,70 m2 to 99.9 m2,Kowloon,102146.0
201006,70 m2 to 99.9 m2,Kowloon,98624.0
201009,70 m2 to 99.9 m2,Kowloon,107738.0
201012,70 m2 to 99.9 m2,Kowloon,125290.0
201103,70 m2 to 99.9 m2,Kowloon,123915.0
201106,70 m2 to 99.9 m2,Kowloon,126942.0
201109,70 m2 to 99.9 m2,Kowloon,117939.0
201112,70 m2 to 99.9 m2,Kowloon,120951.0
201203,70 m2 to 99.9 m2,Kowloon,118993.0
201206,70 m2 to 99.9 m2,Kowloon,124877.0
201209,70 m2 to 99.9 m2,Kowloon,132352.0
201212,70 m2 to 99.9 m2,Kowloon,139972.0
201303,70 m2 to 99.9 m2,Kowloon,144867.0
201306,70 m2 to 99.9 m2,Kowloon,133923.0
201309,70 m2 to 99.9 m2,Kowloon,144825.0
201312,70 m2 to 99.9 m2,Kowloon,129692.0
201403,70 m2 to 99.9 m2,Kowloon,130954.0
201406,70 m2 to 99.9 m2,Kowloon,137966.0
201409,70 m2 to 99.9 m2,Kowloon,137018.0
201412,70 m2 to 99.9 m2,Kowloon,145507.0
201503,70 m2 to 99.9 m2,Kowloon,143872.0
201506,70 m2 to 99.9 m2,Kowloon,154899.0
201509,70 m2 to 99.9 m2,Kowloon,153527.0
201512,70 m2 to 99.9 m2,Kowloon,142528.0
201603,70 m2 to 99.9 m2,Kowloon,147717.0
201606,70 m2 to 99.9 m2,Kowloon,148424.0
201609,70 m2 to 99.9 m2,Kowloon,145933.0
201612,70 m2 to 99.9 m2,Kowloon,154878.0
201703,70 m2 to 99.9 m2,Kowloon,159767.0
201706,70 m2 to 99.9 m2,Kowloon,162679.0
201709,70 m2 to 99.9 m2,Kowloon,169293.0
201712,70 m2 to 99.9 m2,Kowloon,163289.0
201803,70 m2 to 99.9 m2,Kowloon,179547.0
201806,70 m2 to 99.9 m2,Kowloon,180076.0
201809,70 m2 to 99.9 m2,Kowloon,171812.0
201812,70 m2 to 99.9 m2,Kowloon,173864.0
201903,70 m2 to 99.9 m2,Kowloon,189680.0
201906,70 m2 to 99.9 m2,Kowloon,185123.0
201909,70 m2 to 99.9 m2,Kowloon,193076.0
201912,70 m2 to 99.9 m2,Kowloon,187580.0
202003,70 m2 to 99.9 m2,Kowloon,192112.0
202006,70 m2 to 99.9 m2,Kowloon,194637.0
202009,70 m2 to 99.9 m2,Kowloon,186707.0
202012,70 m2 to 99.9 m2,Kowloon,177856.0
202103,70 m2 to 99.9 m2,Kowloon,192192.0
202106,70 m2 to 99.9 m2,Kowloon,184024.0
202109,70 m2 to 99.9 m2,Kowloon,191527.0
202112,70 m2 to 99.9 m2,Kowloon,187887.0
202203,70 m2 to 99.9 m2,Kowloon,177876.0
202206,70 m2 to 99.9 m2,Kowloon,178528.0
202209,70 m2 to 99.9 m2,Kowloon,171047.0
202212,70 m2 to 99.9 m2,Kowloon,157730.0
202303,70 m2 to 99.9 m2,Kowloon,166488.0
202306,70 m2 to 99.9 m2,Kowloon,155996.0
202309,70 m2 to 99.9 m2,Kowloon,164197.0
202312,70 m2 to 99.9 m2,Kowloon,156651.0
202403,70 m2 to 99.9 m2,Kowloon,160404.0
202406,70 m2 to 99.9 m2,Kowloon,171707.0
202409,70 m2 to 99.9 m2,Kowloon,149046.0
202412,70 m2 to 99.9 m2,Kowloon,156103.0
202503,70 m2 to 99.9 m2,Kowloon,159199.0
202506,70 m2 to 99.9 m2,Kowloon,147982.0
202509,70 m2 to 99.9 m2,Kowloon,151768.0
202512,70 m2 to 99.9 m2,Kowloon,167713.0
202603,70 m2 to 99.9 m2,Kowloon,166318.0
199903,70 m2 to 99.9 m2,New Territories,42045.0
199906,70 m2 to 99.9 m2,New Territories,41668.0
199909,70 m2 to 99.9 m2,New Territories,40050.0
199912,70 m2 to 99.9 m2,New Territories,40640.0
200003,70 m2 to 99.9 m2,New Territories,39058.0
200006,70 m2 to 99.9 m2,New Territories,39855.0
200009,70 m2 to 99.9 m2,New Territories,35347.0
200012,70 m2 to 99.9 m2,New Territories,34942.0
200103,70 m2 to 99.9 m2,New Territories,34415.0
200106,70 m2 to 99.9 m2,New Territories,34147.0
200109,70 m2 to 99.9 m2,New Territories,31968.0
200112,70 m2 to 99.9 m2,New Territories,30087.0
200203,70 m2 to 99.9 m2,New Territories,29760.0
200206,70 m2 to 99.9 m2,New Territories,30447.0
200209,70 m2 to 99.9 m2,New Territories,28436.0
200212,70 m2 to 99.9 m2,New Territories,29060.0
200303,70 m2 to 99.9 m2,New Territories,26287.0
200306,70 m2 to 99.9 m2,New Territories,24902.0
200309,70 m2 to 99.9 m2,New Territories,26197.0
200312,70 m2 to 99.9 m2,New Territories,28768.0
200403,70 m2 to 99.9 m2,New Territories,33620.0
200406,70 m2 to 99.9 m2,New Territories,34659.0
200409,70 m2 to 99.9 m2,New Territories,35635.0
200412,70 m2 to 99.9 m2,New Territories,38573.0
200503,70 m2 to 99.9 m2,New Territories,40179.0
200506,70 m2 to 99.9 m2,New Territories,42568.0
200509,70 m2 to 99.9 m2,New Territories,42905.0
200512,70 m2 to 99.9 m2,New Territories,40731.0
200603,70 m2 to 99.9 m2,New Territories,41301.0
200606,70 m2 to 99.9 m2,New Territories,42428.0
200609,70 m2 to 99.9 m2,New Territories,41150.0
200612,70 m2 to 99.9 m2,New Territories,41326.0
200703,70 m2 to 99.9 m2,New Territories,40497.0
200706,70 m2 to 99.9 m2,New Territories,42435.0
200709,70 m2 to 99.9 m2,New Territories,43807.0
200712,70 m2 to 99.9 m2,New Territories,48022.0
200803,70 m2 to 99.9 m2,New Territories,49210.0
200806,70 m2 to 99.9 m2,New Territories,49060.0
200809,70 m2 to 99.9 m2,New Territories,49624.0
200812,70 m2 to 99.9 m2,New Territories,45264.0
200903,70 m2 to 99.9 m2,New Territories,44915.0
200906,70 m2 to 99.9 m2,New Territories,48040.0
200909,70 m2 to 99.9 m2,New Territories,49588.0
200912,70 m2 to 99.9 m2,New Territories,53279.0
201003,70 m2 to 99.9 m2,New Territories,54824.0
201006,70 m2 to 99.9 m2,New Territories,57158.0
201009,70 m2 to 99.9 m2,New Territories,61614.0
201012,70 m2 to 99.9 m2,New Territories,63017.0
201103,70 m2 to 99.9 m2,New Territories,65770.0
201106,70 m2 to 99.9 m2,New Territories,69886.0
201109,70 m2 to 99.9 m2,New Territories,70948.0
201112,70 m2 to 99.9 m2,New Territories,67080.0
201203,70 m2 to 99.9 m2,New Territories,70017.0
201206,70 m2 to 99.9 m2,New Territories,72040.0
201209,70 m2 to 99.9 m2,New Territories,77554.0
201212,70 m2 to 99.9 m2,New Territories,83380.0
201303,70 m2 to 99.9 m2,New Territories,84136.0
201306,70 m2 to 99.9 m2,New Territories,86209.0
201309,70 m2 to 99.9 m2,New Territories,87364.0
201312,70 m2 to 99.9 m2,New Territories,85400.0
201403,70 m2 to 99.9 m2,New Territories,83375.0
201406,70 m2 to 99.9 m2,New Territories,87663.0
201409,70 m2 to 99.9 m2,New Territories,90543.0
201412,70 m2 to 99.9 m2,New Territories,94269.0
201503,70 m2 to 99.9 m2,New Territories,97615.0
201506,70 m2 to 99.9 m2,New Territories,103623.0
201509,70 m2 to 99.9 m2,New Territories,105342.0
201512,70 m2 to 99.9 m2,New Territories,96856.0
201603,70 m2 to 99.9 m2,New Territories,92959.0
201606,70 m2 to 99.9 m2,New Territories,95682.0
201609,70 m2 to 99.9 m2,New Territories,98112.0
201612,70 m2 to 99.9 m2,New Territories,102280.0
201703,70 m2 to 99.9 m2,New Territories,108200.0
201706,70 m2 to 99.9 m2,New Territories,109183.0
201709,70 m2 to 99.9 m2,New Territories,112671.0
201712,70 m2 to 99.9 m2,New Territories,120661.0
201803,70 m2 to 99.9 m2,New Territories,125478.0
201806,70 m2 to 99.9 m2,New Territories,129885.0
201809,70 m2 to 99.9 m2,New Territories,130505.0
201812,70 m2 to 99.9 m2,New Territories,127195.0
201903,70 m2 to 99.9 m2,New Territories,130078.0
201906,70 m2 to 99.9 m2,New Territories,137337.0
201909,70 m2 to 99.9 m2,New Territories,136393.0
201912,70 m2 to 99.9 m2,New Territories,127210.0
202003,70 m2 to 99.9 m2,New Territories,126106.0
202006,70 m2 to 99.9 m2,New Territories,128879.0
202009,70 m2 to 99.9 m2,New Territories,129686.0
202012,70 m2 to 99.9 m2,New Territories,131754.0
202103,70 m2 to 99.9 m2,New Territories,136551.0
202106,70 m2 to 99.9 m2,New Territories,137832.0
202109,70 m2 to 99.9 m2,New Territories,138753.0
202112,70 m2 to 99.9 m2,New Territories,136163.0
202203,70 m2 to 99.9 m2,New Territories,134630.0
202206,70 m2 to 99.9 m2,New Territories,139251.0
202209,70 m2 to 99.9 m2,New Territories,135273.0
202212,70 m2 to 99.9 m2,New Territories,127050.0
202303,70 m2 to 99.9 m2,New Territories,132285.0
202306,70 m2 to 99.9 m2,New Territories,134712.0
202309,70 m2 to 99.9 m2,New Territories,129055.0
202312,70 m2 to 99.9 m2,New Territories,123392.0
202403,70 m2 to 99.9 m2,New Territories,119873.0
202406,70 m2 to 99.9 m2,New Territories,120163.0
202409,70 m2 to 99.9 m2,New Territories,115854.0
202412,70 m2 to 99.9 m2,New Territories,115904.0
202503,70 m2 to 99.9 m2,New Territories,108502.0
202506,70 m2 to 99.9 m2,New Territories,113875.0
202509,70 m2 to 99.9 m2,New Territories,115820.0
202512,70 m2 to 99.9 m2,New Territories,116242.0
202603,70 m2 to 99.9 m2,New Territories,123430.0
199903,100 m2 to 159.9 m2,Hong Kong,63326.0
199906,100 m2 to 159.9 m2,Hong Kong,67217.0
199909,100 m2 to 159.9 m2,Hong Kong,67756.0
199912,100 m2 to 159.9 m2,Hong Kong,64553.0
200003,100 m2 to 159.9 m2,Hong Kong,66270.0
200006,100 m2 to 159.9 m2,Hong Kong,62455.0
200009,100 m2 to 159.9 m2,Hong Kong,62417.0
200012,100 m2 to 159.9 m2,Hong Kong,59662.0
200103,100 m2 to 159.9 m2,Hong Kong,58098.0
200106,100 m2 to 159.9 m2,Hong Kong,59330.0
200109,100 m2 to 159.9 m2,Hong Kong,56125.0
200112,100 m2 to 159.9 m2,Hong Kong,53370.0
200203,100 m2 to 159.9 m2,Hong Kong,49177.0
200206,100 m2 to 159.9 m2,Hong Kong,53837.0
200209,100 m2 to 159.9 m2,Hong Kong,50018.0
200212,100 m2 to 159.9 m2,Hong Kong,53658.0
200303,100 m2 to 159.9 m2,Hong Kong,47417.0
200306,100 m2 to 159.9 m2,Hong Kong,44720.0
200309,100 m2 to 159.9 m2,Hong Kong,49010.0
200312,100 m2 to 159.9 m2,Hong Kong,49984.0
200403,100 m2 to 159.9 m2,Hong Kong,62933.0
200406,100 m2 to 159.9 m2,Hong Kong,62740.0
200409,100 m2 to 159.9 m2,Hong Kong,62781.0
200412,100 m2 to 159.9 m2,Hong Kong,75355.0
200503,100 m2 to 159.9 m2,Hong Kong,80619.0
200506,100 m2 to 159.9 m2,Hong Kong,85605.0
200509,100 m2 to 159.9 m2,Hong Kong,82160.0
200512,100 m2 to 159.9 m2,Hong Kong,80918.0
200603,100 m2 to 159.9 m2,Hong Kong,83052.0
200606,100 m2 to 159.9 m2,Hong Kong,86729.0
200609,100 m2 to 159.9 m2,Hong Kong,83719.0
200612,100 m2 to 159.9 m2,Hong Kong,89658.0
200703,100 m2 to 159.9 m2,Hong Kong,90384.0
200706,100 m2 to 159.9 m2,Hong Kong,99121.0
200709,100 m2 to 159.9 m2,Hong Kong,107819.0
200712,100 m2 to 159.9 m2,Hong Kong,120090.0
200803,100 m2 to 159.9 m2,Hong Kong,125713.0
200806,100 m2 to 159.9 m2,Hong Kong,134334.0
200809,100 m2 to 159.9 m2,Hong Kong,124126.0
200812,100 m2 to 159.9 m2,Hong Kong,99259.0
200903,100 m2 to 159.9 m2,Hong Kong,106836.0
200906,100 m2 to 159.9 m2,Hong Kong,114598.0
200909,100 m2 to 159.9 m2,Hong Kong,126686.0
200912,100 m2 to 159.9 m2,Hong Kong,131239.0
201003,100 m2 to 159.9 m2,Hong Kong,143482.0
201006,100 m2 to 159.9 m2,Hong Kong,142143.0
201009,100 m2 to 159.9 m2,Hong Kong,146515.0
201012,100 m2 to 159.9 m2,Hong Kong,162965.0
201103,100 m2 to 159.9 m2,Hong Kong,160535.0
201106,100 m2 to 159.9 m2,Hong Kong,173768.0
201109,100 m2 to 159.9 m2,Hong Kong,173327.0
201112,100 m2 to 159.9 m2,Hong Kong,170491.0
201203,100 m2 to 159.9 m2,Hong Kong,168308.0
201206,100 m2 to 159.9 m2,Hong Kong,175510.0
201209,100 m2 to 159.9 m2,Hong Kong,176183.0
201212,100 m2 to 159.9 m2,Hong Kong,190593.0
201303,100 m2 to 159.9 m2,Hong Kong,183757.0
201306,100 m2 to 159.9 m2,Hong Kong,186240.0
201309,100 m2 to 159.9 m2,Hong Kong,185668.0
201312,100 m2 to 159.9 m2,Hong Kong,184322.0
201403,100 m2 to 159.9 m2,Hong Kong,182473.0
201406,100 m2 to 159.9 m2,Hong Kong,177510.0
201409,100 m2 to 159.9 m2,Hong Kong,182442.0
201412,100 m2 to 159.9 m2,Hong Kong,192334.0
201503,100 m2 to 159.9 m2,Hong Kong,199787.0
201506,100 m2 to 159.9 m2,Hong Kong,201230.0
201509,100 m2 to 159.9 m2,Hong Kong,194844.0
201512,100 m2 to 159.9 m2,Hong Kong,197276.0
201603,100 m2 to 159.9 m2,Hong Kong,183185.0
201606,100 m2 to 159.9 m2,Hong Kong,195855.0
201609,100 m2 to 159.9 m2,Hong Kong,192121.0
201612,100 m2 to 159.9 m2,Hong Kong,213266.0
201703,100 m2 to 159.9 m2,Hong Kong,202497.0
201706,100 m2 to 159.9 m2,Hong Kong,218602.0
201709,100 m2 to 159.9 m2,Hong Kong,201681.0
201712,100 m2 to 159.9 m2,Hong Kong,233608.0
201803,100 m2 to 159.9 m2,Hong Kong,227821.0
201806,100 m2 to 159.9 m2,Hong Kong,230684.0
201809,100 m2 to 159.9 m2,Hong Kong,239535.0
201812,100 m2 to 159.9 m2,Hong Kong,241714.0
201903,100 m2 to 159.9 m2,Hong Kong,236515.0
201906,100 m2 to 159.9 m2,Hong Kong,254455.0
201909,100 m2 to 159.9 m2,Hong Kong,259842.0
201912,100 m2 to 159.9 m2,Hong Kong,236780.0
202003,100 m2 to 159.9 m2,Hong Kong,234837.0
202006,100 m2 to 159.9 m2,Hong Kong,239080.0
202009,100 m2 to 159.9 m2,Hong Kong,235542.0
202012,100 m2 to 159.9 m2,Hong Kong,232656.0
202103,100 m2 to 159.9 m2,Hong Kong,239151.0
202106,100 m2 to 159.9 m2,Hong Kong,249814.0
202109,100 m2 to 159.9 m2,Hong Kong,253213.0
202112,100 m2 to 159.9 m2,Hong Kong,244592.0
202203,100 m2 to 159.9 m2,Hong Kong,226321.0
202206,100 m2 to 159.9 m2,Hong Kong,239141.0
202209,100 m2 to 159.9 m2,Hong Kong,229109.0
202212,100 m2 to 159.9 m2,Hong Kong,218614.0
202303,100 m2 to 159.9 m2,Hong Kong,225373.0
202306,100 m2 to 159.9 m2,Hong Kong,231635.0
202309,100 m2 to 159.9 m2,Hong Kong,204853.0
202312,100 m2 to 159.9 m2,Hong Kong,185865.0
202403,100 m2 to 159.9 m2,Hong Kong,207072.0
202406,100 m2 to 159.9 m2,Hong Kong,202183.0
202409,100 m2 to 159.9 m2,Hong Kong,201103.0
202412,100 m2 to 159.9 m2,Hong Kong,213239.0
202503,100 m2 to 159.9 m2,Hong Kong,192077.0
202506,100 m2 to 159.9 m2,Hong Kong,187573.0
202509,100 m2 to 159.9 m2,Hong Kong,184486.0
202512,100 m2 to 159.9 m2,Hong Kong,199141.0
202603,100 m2 to 159.9 m2,Hong Kong,196673.0
199903,100 m2 to 159.9 m2,Kowloon,53989.0
199906,100 m2 to 159.9 m2,Kowloon,50603.0
199909,100 m2 to 159.9 m2,Kowloon,49658.0
199912,100 m2 to 159.9 m2,Kowloon,47509.0
200003,100 m2 to 159.9 m2,Kowloon,49590.0
200006,100 m2 to 159.9 m2,Kowloon,47871.0
200009,100 m2 to 159.9 m2,Kowloon,43103.0
200012,100 m2 to 159.9 m2,Kowloon,45250.0
200103,100 m2 to 159.9 m2,Kowloon,45283.0
200106,100 m2 to 159.9 m2,Kowloon,38666.0
200109,100 m2 to 159.9 m2,Kowloon,41605.0
200112,100 m2 to 159.9 m2,Kowloon,39138.0
200203,100 m2 to 159.9 m2,Kowloon,40516.0
200206,100 m2 to 159.9 m2,Kowloon,36981.0
200209,100 m2 to 159.9 m2,Kowloon,38663.0
200212,100 m2 to 159.9 m2,Kowloon,33831.0
200303,100 m2 to 159.9 m2,Kowloon,34803.0
200306,100 m2 to 159.9 m2,Kowloon,33805.0
200309,100 m2 to 159.9 m2,Kowloon,33362.0
200312,100 m2 to 159.9 m2,Kowloon,34896.0
200403,100 m2 to 159.9 m2,Kowloon,48348.0
200406,100 m2 to 159.9 m2,Kowloon,50352.0
200409,100 m2 to 159.9 m2,Kowloon,67414.0
200412,100 m2 to 159.9 m2,Kowloon,74698.0
200503,100 m2 to 159.9 m2,Kowloon,72141.0
200506,100 m2 to 159.9 m2,Kowloon,72099.0
200509,100 m2 to 159.9 m2,Kowloon,77252.0
200512,100 m2 to 159.9 m2,Kowloon,70577.0
200603,100 m2 to 159.9 m2,Kowloon,73459.0
200606,100 m2 to 159.9 m2,Kowloon,79547.0
200609,100 m2 to 159.9 m2,Kowloon,74675.0
200612,100 m2 to 159.9 m2,Kowloon,73962.0
200703,100 m2 to 159.9 m2,Kowloon,80034.0
200706,100 m2 to 159.9 m2,Kowloon,83001.0
200709,100 m2 to 159.9 m2,Kowloon,83878.0
200712,100 m2 to 159.9 m2,Kowloon,113066.0
200803,100 m2 to 159.9 m2,Kowloon,103547.0
200806,100 m2 to 159.9 m2,Kowloon,106411.0
200809,100 m2 to 159.9 m2,Kowloon,109792.0
200812,100 m2 to 159.9 m2,Kowloon,87673.0
200903,100 m2 to 159.9 m2,Kowloon,89316.0
200906,100 m2 to 159.9 m2,Kowloon,96681.0
200909,100 m2 to 159.9 m2,Kowloon,110959.0
200912,100 m2 to 159.9 m2,Kowloon,105430.0
201003,100 m2 to 159.9 m2,Kowloon,130988.0
201006,100 m2 to 159.9 m2,Kowloon,126892.0
201009,100 m2 to 159.9 m2,Kowloon,138652.0
201012,100 m2 to 159.9 m2,Kowloon,139247.0
201103,100 m2 to 159.9 m2,Kowloon,152870.0
201106,100 m2 to 159.9 m2,Kowloon,150622.0
201109,100 m2 to 159.9 m2,Kowloon,177721.0
201112,100 m2 to 159.9 m2,Kowloon,140601.0
201203,100 m2 to 159.9 m2,Kowloon,143250.0
201206,100 m2 to 159.9 m2,Kowloon,167813.0
201209,100 m2 to 159.9 m2,Kowloon,156904.0
201212,100 m2 to 159.9 m2,Kowloon,166251.0
201303,100 m2 to 159.9 m2,Kowloon,156447.0
201306,100 m2 to 159.9 m2,Kowloon,150027.0
201309,100 m2 to 159.9 m2,Kowloon,158376.0
201312,100 m2 to 159.9 m2,Kowloon,165666.0
201403,100 m2 to 159.9 m2,Kowloon,164398.0
201406,100 m2 to 159.9 m2,Kowloon,161947.0
201409,100 m2 to 159.9 m2,Kowloon,151824.0
201412,100 m2 to 159.9 m2,Kowloon,167152.0
201503,100 m2 to 159.9 m2,Kowloon,167436.0
201506,100 m2 to 159.9 m2,Kowloon,180746.0
201509,100 m2 to 159.9 m2,Kowloon,157296.0
201512,100 m2 to 159.9 m2,Kowloon,151996.0
201603,100 m2 to 159.9 m2,Kowloon,162889.0
201606,100 m2 to 159.9 m2,Kowloon,156195.0
201609,100 m2 to 159.9 m2,Kowloon,161979.0
201612,100 m2 to 159.9 m2,Kowloon,187764.0
201703,100 m2 to 159.9 m2,Kowloon,168699.0
201706,100 m2 to 159.9 m2,Kowloon,173457.0
201709,100 m2 to 159.9 m2,Kowloon,192960.0
201712,100 m2 to 159.9 m2,Kowloon,187217.0
201803,100 m2 to 159.9 m2,Kowloon,206664.0
201806,100 m2 to 159.9 m2,Kowloon,195712.0
201809,100 m2 to 159.9 m2,Kowloon,187473.0
201812,100 m2 to 159.9 m2,Kowloon,181377.0
201903,100 m2 to 159.9 m2,Kowloon,208007.0
201906,100 m2 to 159.9 m2,Kowloon,194292.0
201909,100 m2 to 159.9 m2,Kowloon,205237.0
201912,100 m2 to 159.9 m2,Kowloon,215913.0
202003,100 m2 to 159.9 m2,Kowloon,194904.0
202006,100 m2 to 159.9 m2,Kowloon,187153.0
202009,100 m2 to 159.9 m2,Kowloon,202968.0
202012,100 m2 to 159.9 m2,Kowloon,200519.0
202103,100 m2 to 159.9 m2,Kowloon,208293.0
202106,100 m2 to 159.9 m2,Kowloon,202104.0
202109,100 m2 to 159.9 m2,Kowloon,220467.0
202112,100 m2 to 159.9 m2,Kowloon,217299.0
202203,100 m2 to 159.9 m2,Kowloon,201434.0
202206,100 m2 to 159.9 m2,Kowloon,177120.0
202209,100 m2 to 159.9 m2,Kowloon,185279.0
202212,100 m2 to 159.9 m2,Kowloon,194830.0
202303,100 m2 to 159.9 m2,Kowloon,171219.0
202306,100 m2 to 159.9 m2,Kowloon,195580.0
202309,100 m2 to 159.9 m2,Kowloon,195697.0
202312,100 m2 to 159.9 m2,Kowloon,192340.0
202403,100 m2 to 159.9 m2,Kowloon,180176.0
202406,100 m2 to 159.9 m2,Kowloon,186580.0
202409,100 m2 to 159.9 m2,Kowloon,180162.0
202412,100 m2 to 159.9 m2,Kowloon,165367.0
202503,100 m2 to 159.9 m2,Kowloon,167496.0
202506,100 m2 to 159.9 m2,Kowloon,173116.0
202509,100 m2 to 159.9 m2,Kowloon,174925.0
202512,100 m2 to 159.9 m2,Kowloon,172088.0
202603,100 m2 to 159.9 m2,Kowloon,189197.0
199903,100 m2 to 159.9 m2,New Territories,49645.0
199906,100 m2 to 159.9 m2,New Territories,46399.0
199909,100 m2 to 159.9 m2,New Territories,47339.0
199912,100 m2 to 159.9 m2,New Territories,45566.0
200003,100 m2 to 159.9 m2,New Territories,45954.0
200006,100 m2 to 159.9 m2,New Territories,40922.0
200009,100 m2 to 159.9 m2,New Territories,39625.0
200012,100 m2 to 159.9 m2,New Territories,38419.0
200103,100 m2 to 159.9 m2,New Territories,35679.0
200106,100 m2 to 159.9 m2,New Territories,36646.0
200109,100 m2 to 159.9 m2,New Territories,33347.0
200112,100 m2 to 159.9 m2,New Territories,32948.0
200203,100 m2 to 159.9 m2,New Territories,32522.0
200206,100 m2 to 159.9 m2,New Territories,33833.0
200209,100 m2 to 159.9 m2,New Territories,30899.0
200212,100 m2 to 159.9 m2,New Territories,29429.0
200303,100 m2 to 159.9 m2,New Territories,30499.0
200306,100 m2 to 159.9 m2,New Territories,28580.0
200309,100 m2 to 159.9 m2,New Territories,28186.0
200312,100 m2 to 159.9 m2,New Territories,33774.0
200403,100 m2 to 159.9 m2,New Territories,39089.0
200406,100 m2 to 159.9 m2,New Territories,40473.0
200409,100 m2 to 159.9 m2,New Territories,41558.0
200412,100 m2 to 159.9 m2,New Territories,45829.0
200503,100 m2 to 159.9 m2,New Territories,48268.0
200506,100 m2 to 159.9 m2,New Territories,50432.0
200509,100 m2 to 159.9 m2,New Territories,52558.0
200512,100 m2 to 159.9 m2,New Territories,49710.0
200603,100 m2 to 159.9 m2,New Territories,46795.0
200606,100 m2 to 159.9 m2,New Territories,46950.0
200609,100 m2 to 159.9 m2,New Territories,50571.0
200612,100 m2 to 159.9 m2,New Territories,50183.0
200703,100 m2 to 159.9 m2,New Territories,54241.0
200706,100 m2 to 159.9 m2,New Territories,55358.0
200709,100 m2 to 159.9 m2,New Territories,53315.0
200712,100 m2 to 159.9 m2,New Territories,60657.0
200803,100 m2 to 159.9 m2,New Territories,61848.0
200806,100 m2 to 159.9 m2,New Territories,61617.0
200809,100 m2 to 159.9 m2,New Territories,53217.0
200812,100 m2 to 159.9 m2,New Territories,51287.0
200903,100 m2 to 159.9 m2,New Territories,50028.0
200906,100 m2 to 159.9 m2,New Territories,58736.0
200909,100 m2 to 159.9 m2,New Territories,59520.0
200912,100 m2 to 159.9 m2,New Territories,58885.0
201003,100 m2 to 159.9 m2,New Territories,60176.0
201006,100 m2 to 159.9 m2,New Territories,65337.0
201009,100 m2 to 159.9 m2,New Territories,68947.0
201012,100 m2 to 159.9 m2,New Territories,70911.0
201103,100 m2 to 159.9 m2,New Territories,69934.0
201106,100 m2 to 159.9 m2,New Territories,77876.0
201109,100 m2 to 159.9 m2,New Territories,71299.0
201112,100 m2 to 159.9 m2,New Territories,73748.0
201203,100 m2 to 159.9 m2,New Territories,75380.0
201206,100 m2 to 159.9 m2,New Territories,74322.0
201209,100 m2 to 159.9 m2,New Territories,80387.0
201212,100 m2 to 159.9 m2,New Territories,77331.0
201303,100 m2 to 159.9 m2,New Territories,77147.0
201306,100 m2 to 159.9 m2,New Territories,83599.0
201309,100 m2 to 159.9 m2,New Territories,79474.0
201312,100 m2 to 159.9 m2,New Territories,80230.0
201403,100 m2 to 159.9 m2,New Territories,79792.0
201406,100 m2 to 159.9 m2,New Territories,88385.0
201409,100 m2 to 159.9 m2,New Territories,86776.0
201412,100 m2 to 159.9 m2,New Territories,85958.0
201503,100 m2 to 159.9 m2,New Territories,95656.0
201506,100 m2 to 159.9 m2,New Territories,95641.0
201509,100 m2 to 159.9 m2,New Territories,100295.0
201512,100 m2 to 159.9 m2,New Territories,96887.0
201603,100 m2 to 159.9 m2,New Territories,86527.0
201606,100 m2 to 159.9 m2,New Territories,91499.0
201609,100 m2 to 159.9 m2,New Territories,97423.0
201612,100 m2 to 159.9 m2,New Territories,98799.0
201703,100 m2 to 159.9 m2,New Territories,99753.0
201706,100 m2 to 159.9 m2,New Territories,106798.0
201709,100 m2 to 159.9 m2,New Territories,98854.0
201712,100 m2 to 159.9 m2,New Territories,106594.0
201803,100 m2 to 159.9 m2,New Territories,117554.0
201806,100 m2 to 159.9 m2,New Territories,117220.0
201809,100 m2 to 159.9 m2,New Territories,112753.0
201812,100 m2 to 159.9 m2,New Territories,117853.0
201903,100 m2 to 159.9 m2,New Territories,124223.0
201906,100 m2 to 159.9 m2,New Territories,125935.0
201909,100 m2 to 159.9 m2,New Territories,119830.0
201912,100 m2 to 159.9 m2,New Territories,113614.0
202003,100 m2 to 159.9 m2,New Territories,120160.0
202006,100 m2 to 159.9 m2,New Territories,122673.0
202009,100 m2 to 159.9 m2,New Territories,120350.0
202012,100 m2 to 159.9 m2,New Territories,118839.0
202103,100 m2 to 159.9 m2,New Territories,122898.0
202106,100 m2 to 159.9 m2,New Territories,127922.0
202109,100 m2 to 159.9 m2,New Territories,127805.0
202112,100 m2 to 159.9 m2,New Territories,125019.0
202203,100 m2 to 159.9 m2,New Territories,123588.0
202206,100 m2 to 159.9 m2,New Territories,121656.0
202209,100 m2 to 159.9 m2,New Territories,117861.0
202212,100 m2 to 159.9 m2,New Territories,107788.0
202303,100 m2 to 159.9 m2,New Territories,124224.0
202306,100 m2 to 159.9 m2,New Territories,125366.0
202309,100 m2 to 159.9 m2,New Territories,116756.0
202312,100 m2 to 159.9 m2,New Territories,116555.0
202403,100 m2 to 159.9 m2,New Territories,115266.0
202406,100 m2 to 159.9 m2,New Territories,111088.0
202409,100 m2 to 159.9 m2,New Territories,107108.0
202412,100 m2 to 159.9 m2,New Territories,109174.0
202503,100 m2 to 159.9 m2,New Territories,102507.0
202506,100 m2 to 159.9 m2,New Territories,106406.0
202509,100 m2 to 159.9 m2,New Territories,113340.0
202512,100 m2 to 159.9 m2,New Territories,110328.0
202603,100 m2 to 159.9 m2,New Territories,117272.0
199903,160 m2 or above,Hong Kong,72071.0
199906,160 m2 or above,Hong Kong,77887.0
199909,160 m2 or above,Hong Kong,79170.0
199912,160 m2 or above,Hong Kong,81220.0
200003,160 m2 or above,Hong Kong,80475.0
200006,160 m2 or above,Hong Kong,80500.0
200009,160 m2 or above,Hong Kong,76272.0
200012,160 m2 or above,Hong Kong,86877.0
200103,160 m2 or above,Hong Kong,70382.0
200106,160 m2 or above,Hong Kong,71933.0
200109,160 m2 or above,Hong Kong,72171.0
200112,160 m2 or above,Hong Kong,66060.0
200203,160 m2 or above,Hong Kong,70236.0
200206,160 m2 or above,Hong Kong,67932.0
200209,160 m2 or above,Hong Kong,62677.0
200212,160 m2 or above,Hong Kong,61936.0
200303,160 m2 or above,Hong Kong,64929.0
200306,160 m2 or above,Hong Kong,60938.0
200309,160 m2 or above,Hong Kong,65316.0
200312,160 m2 or above,Hong Kong,70372.0
200403,160 m2 or above,Hong Kong,87748.0
200406,160 m2 or above,Hong Kong,89177.0
200409,160 m2 or above,Hong Kong,96288.0
200412,160 m2 or above,Hong Kong,106838.0
200503,160 m2 or above,Hong Kong,105677.0
200506,160 m2 or above,Hong Kong,126747.0
200509,160 m2 or above,Hong Kong,113932.0
200512,160 m2 or above,Hong Kong,116578.0
200603,160 m2 or above,Hong Kong,121919.0
200606,160 m2 or above,Hong Kong,116438.0
200609,160 m2 or above,Hong Kong,131047.0
200612,160 m2 or above,Hong Kong,113587.0
200703,160 m2 or above,Hong Kong,125048.0
200706,160 m2 or above,Hong Kong,138878.0
200709,160 m2 or above,Hong Kong,151612.0
200712,160 m2 or above,Hong Kong,175729.0
200803,160 m2 or above,Hong Kong,176942.0
200806,160 m2 or above,Hong Kong,187349.0
200809,160 m2 or above,Hong Kong,172982.0
200812,160 m2 or above,Hong Kong,146577.0
200903,160 m2 or above,Hong Kong,140781.0
200906,160 m2 or above,Hong Kong,162037.0
200909,160 m2 or above,Hong Kong,169477.0
200912,160 m2 or above,Hong Kong,185297.0
201003,160 m2 or above,Hong Kong,196993.0
201006,160 m2 or above,Hong Kong,200068.0
201009,160 m2 or above,Hong Kong,226106.0
201012,160 m2 or above,Hong Kong,201478.0
201103,160 m2 or above,Hong Kong,209020.0
201106,160 m2 or above,Hong Kong,256192.0
201109,160 m2 or above,Hong Kong,197836.0
201112,160 m2 or above,Hong Kong,282246.0
201203,160 m2 or above,Hong Kong,252848.0
201206,160 m2 or above,Hong Kong,269919.0
201209,160 m2 or above,Hong Kong,261850.0
201212,160 m2 or above,Hong Kong,250096.0
201303,160 m2 or above,Hong Kong,256091.0
201306,160 m2 or above,Hong Kong,242500.0
201309,160 m2 or above,Hong Kong,289194.0
201312,160 m2 or above,Hong Kong,250268.0
201403,160 m2 or above,Hong Kong,266883.0
201406,160 m2 or above,Hong Kong,230715.0
201409,160 m2 or above,Hong Kong,238744.0
201412,160 m2 or above,Hong Kong,263096.0
201503,160 m2 or above,Hong Kong,213748.0
201506,160 m2 or above,Hong Kong,229936.0
201509,160 m2 or above,Hong Kong,273564.0
201512,160 m2 or above,Hong Kong,233201.0
201603,160 m2 or above,Hong Kong,213821.0
201606,160 m2 or above,Hong Kong,229330.0
201609,160 m2 or above,Hong Kong,230645.0
201612,160 m2 or above,Hong Kong,259346.0
201703,160 m2 or above,Hong Kong,244799.0
201706,160 m2 or above,Hong Kong,237380.0
201709,160 m2 or above,Hong Kong,249060.0
201712,160 m2 or above,Hong Kong,281155.0
201803,160 m2 or above,Hong Kong,282857.0
201806,160 m2 or above,Hong Kong,282624.0
201809,160 m2 or above,Hong Kong,318857.0
201812,160 m2 or above,Hong Kong,250363.0
201903,160 m2 or above,Hong Kong,292948.0
201906,160 m2 or above,Hong Kong,281785.0
201909,160 m2 or above,Hong Kong,279558.0
201912,160 m2 or above,Hong Kong,227646.0
202003,160 m2 or above,Hong Kong,271688.0
202006,160 m2 or above,Hong Kong,284687.0
202009,160 m2 or above,Hong Kong,260131.0
202012,160 m2 or above,Hong Kong,272858.0
202103,160 m2 or above,Hong Kong,281083.0
202106,160 m2 or above,Hong Kong,272908.0
202109,160 m2 or above,Hong Kong,297941.0
202112,160 m2 or above,Hong Kong,319927.0
202203,160 m2 or above,Hong Kong,262688.0
202206,160 m2 or above,Hong Kong,211579.0
202209,160 m2 or above,Hong Kong,252281.0
202212,160 m2 or above,Hong Kong,269184.0
202303,160 m2 or above,Hong Kong,286092.0
202306,160 m2 or above,Hong Kong,257774.0
202309,160 m2 or above,Hong Kong,268655.0
202312,160 m2 or above,Hong Kong,248737.0
202403,160 m2 or above,Hong Kong,225049.0
202406,160 m2 or above,Hong Kong,265554.0
202409,160 m2 or above,Hong Kong,252255.0
202412,160 m2 or above,Hong Kong,251882.0
202503,160 m2 or above,Hong Kong,220776.0
202506,160 m2 or above,Hong Kong,227528.0
202509,160 m2 or above,Hong Kong,222202.0
202512,160 m2 or above,Hong Kong,227603.0
202603,160 m2 or above,Hong Kong,255693.0
199903,160 m2 or above,Kowloon,61940.0
199906,160 m2 or above,Kowloon,80813.0
199909,160 m2 or above,Kowloon,70276.0
199912,160 m2 or above,Kowloon,76383.0
200003,160 m2 or above,Kowloon,73165.0
200006,160 m2 or above,Kowloon,62375.0
200009,160 m2 or above,Kowloon,74839.0
200012,160 m2 or above,Kowloon,74320.0
200103,160 m2 or above,Kowloon,54162.0
200106,160 m2 or above,Kowloon,61931.0
200109,160 m2 or above,Kowloon,60268.0
200112,160 m2 or above,Kowloon,59015.0
200203,160 m2 or above,Kowloon,47869.0
200206,160 m2 or above,Kowloon,48395.0
200209,160 m2 or above,Kowloon,45778.0
200212,160 m2 or above,Kowloon,60434.0
200303,160 m2 or above,Kowloon,52273.0
200306,160 m2 or above,Kowloon,41951.0
200309,160 m2 or above,Kowloon,44937.0
200312,160 m2 or above,Kowloon,67145.0
200403,160 m2 or above,Kowloon,65633.0
200406,160 m2 or above,Kowloon,75985.0
200409,160 m2 or above,Kowloon,62611.0
200412,160 m2 or above,Kowloon,94712.0
200503,160 m2 or above,Kowloon,81091.0
200506,160 m2 or above,Kowloon,92157.0
200509,160 m2 or above,Kowloon,112296.0
200512,160 m2 or above,Kowloon,104690.0
200603,160 m2 or above,Kowloon,100387.0
200606,160 m2 or above,Kowloon,103390.0
200609,160 m2 or above,Kowloon,101564.0
200612,160 m2 or above,Kowloon,93350.0
200703,160 m2 or above,Kowloon,103538.0
200706,160 m2 or above,Kowloon,106752.0
200709,160 m2 or above,Kowloon,128058.0
200712,160 m2 or above,Kowloon,145530.0
200803,160 m2 or above,Kowloon,125109.0
200806,160 m2 or above,Kowloon,142886.0
200809,160 m2 or above,Kowloon,162768.0
200812,160 m2 or above,Kowloon,120433.0
200903,160 m2 or above,Kowloon,128860.0
200906,160 m2 or above,Kowloon,136670.0
200909,160 m2 or above,Kowloon,149087.0
200912,160 m2 or above,Kowloon,162414.0
201003,160 m2 or above,Kowloon,157297.0
201006,160 m2 or above,Kowloon,148414.0
201009,160 m2 or above,Kowloon,181901.0
201012,160 m2 or above,Kowloon,174822.0
201103,160 m2 or above,Kowloon,199613.0
201106,160 m2 or above,Kowloon,208825.0
201109,160 m2 or above,Kowloon,256513.0
201112,160 m2 or above,Kowloon,158330.0
201203,160 m2 or above,Kowloon,157532.0
201206,160 m2 or above,Kowloon,184272.0
201209,160 m2 or above,Kowloon,195807.0
201212,160 m2 or above,Kowloon,237290.0
201303,160 m2 or above,Kowloon,188304.0
201306,160 m2 or above,Kowloon,211191.0
201309,160 m2 or above,Kowloon,183654.0
201312,160 m2 or above,Kowloon,192939.0
201403,160 m2 or above,Kowloon,373385.0
201406,160 m2 or above,Kowloon,226443.0
201409,160 m2 or above,Kowloon,210029.0
201412,160 m2 or above,Kowloon,201508.0
201503,160 m2 or above,Kowloon,294094.0
201506,160 m2 or above,Kowloon,158998.0
201509,160 m2 or above,Kowloon,216873.0
201512,160 m2 or above,Kowloon,215609.0
201603,160 m2 or above,Kowloon,197490.0
201606,160 m2 or above,Kowloon,213527.0
201609,160 m2 or above,Kowloon,274030.0
201612,160 m2 or above,Kowloon,207510.0
201703,160 m2 or above,Kowloon,328398.0
201706,160 m2 or above,Kowloon,217399.0
201709,160 m2 or above,Kowloon,270907.0
201712,160 m2 or above,Kowloon,269480.0
201803,160 m2 or above,Kowloon,292367.0
201806,160 m2 or above,Kowloon,256106.0
201809,160 m2 or above,Kowloon,204951.0
201812,160 m2 or above,Kowloon,342648.0
201903,160 m2 or above,Kowloon,228053.0
201906,160 m2 or above,Kowloon,194209.0
201909,160 m2 or above,Kowloon,299730.0
201912,160 m2 or above,Kowloon,262137.0
202003,160 m2 or above,Kowloon,409853.0
202006,160 m2 or above,Kowloon,227384.0
202009,160 m2 or above,Kowloon,253777.0
202012,160 m2 or above,Kowloon,242013.0
202103,160 m2 or above,Kowloon,189226.0
202106,160 m2 or above,Kowloon,221300.0
202109,160 m2 or above,Kowloon,287163.0
202112,160 m2 or above,Kowloon,277135.0
202203,160 m2 or above,Kowloon,285521.0
202206,160 m2 or above,Kowloon,238306.0
202209,160 m2 or above,Kowloon,131917.0
202212,160 m2 or above,Kowloon,193453.0
202303,160 m2 or above,Kowloon,194474.0
202306,160 m2 or above,Kowloon,189089.0
202309,160 m2 or above,Kowloon,174153.0
202312,160 m2 or above,Kowloon,245171.0
202403,160 m2 or above,Kowloon,192943.0
202406,160 m2 or above,Kowloon,180301.0
202409,160 m2 or above,Kowloon,213265.0
202412,160 m2 or above,Kowloon,207575.0
202503,160 m2 or above,Kowloon,194247.0
202506,160 m2 or above,Kowloon,243055.0
202509,160 m2 or above,Kowloon,177644.0
202512,160 m2 or above,Kowloon,189387.0
202603,160 m2 or above,Kowloon,200582.0
199903,160 m2 or above,New Territories,47795.0
199906,160 m2 or above,New Territories,47953.0
199909,160 m2 or above,New Territories,46212.0
199912,160 m2 or above,New Territories,47712.0
200003,160 m2 or above,New Territories,47982.0
200006,160 m2 or above,New Territories,46880.0
200009,160 m2 or above,New Territories,43305.0
200012,160 m2 or above,New Territories,40074.0
200103,160 m2 or above,New Territories,34009.0
200106,160 m2 or above,New Territories,35534.0
200109,160 m2 or above,New Territories,32621.0
200112,160 m2 or above,New Territories,39134.0
200203,160 m2 or above,New Territories,35754.0
200206,160 m2 or above,New Territories,38117.0
200209,160 m2 or above,New Territories,33530.0
200212,160 m2 or above,New Territories,33041.0
200303,160 m2 or above,New Territories,34525.0
200306,160 m2 or above,New Territories,29708.0
200309,160 m2 or above,New Territories,32861.0
200312,160 m2 or above,New Territories,37137.0
200403,160 m2 or above,New Territories,42683.0
200406,160 m2 or above,New Territories,37298.0
200409,160 m2 or above,New Territories,46614.0
200412,160 m2 or above,New Territories,48227.0
200503,160 m2 or above,New Territories,50970.0
200506,160 m2 or above,New Territories,63346.0
200509,160 m2 or above,New Territories,58356.0
200512,160 m2 or above,New Territories,52487.0
200603,160 m2 or above,New Territories,52490.0
200606,160 m2 or above,New Territories,56682.0
200609,160 m2 or above,New Territories,58420.0
200612,160 m2 or above,New Territories,56143.0
200703,160 m2 or above,New Territories,65108.0
200706,160 m2 or above,New Territories,58146.0
200709,160 m2 or above,New Territories,65876.0
200712,160 m2 or above,New Territories,81762.0
200803,160 m2 or above,New Territories,82989.0
200806,160 m2 or above,New Territories,77095.0
200809,160 m2 or above,New Territories,64094.0
200812,160 m2 or above,New Territories,54006.0
200903,160 m2 or above,New Territories,61014.0
200906,160 m2 or above,New Territories,69176.0
200909,160 m2 or above,New Territories,71671.0
200912,160 m2 or above,New Territories,70567.0
201003,160 m2 or above,New Territories,78727.0
201006,160 m2 or above,New Territories,66992.0
201009,160 m2 or above,New Territories,74008.0
201012,160 m2 or above,New Territories,78665.0
201103,160 m2 or above,New Territories,81979.0
201106,160 m2 or above,New Territories,93093.0
201109,160 m2 or above,New Territories,74757.0
201112,160 m2 or above,New Territories,60254.0
201203,160 m2 or above,New Territories,82803.0
201206,160 m2 or above,New Territories,85268.0
201209,160 m2 or above,New Territories,92897.0
201212,160 m2 or above,New Territories,88800.0
201303,160 m2 or above,New Territories,92480.0
201306,160 m2 or above,New Territories,62156.0
201309,160 m2 or above,New Territories,83347.0
201312,160 m2 or above,New Territories,77344.0
201403,160 m2 or above,New Territories,70722.0
201406,160 m2 or above,New Territories,69956.0
201409,160 m2 or above,New Territories,73387.0
201412,160 m2 or above,New Territories,78353.0
201503,160 m2 or above,New Territories,81946.0
201506,160 m2 or above,New Territories,109677.0
201509,160 m2 or above,New Territories,78994.0
201512,160 m2 or above,New Territories,79968.0
201603,160 m2 or above,New Territories,79916.0
201606,160 m2 or above,New Territories,82156.0
201609,160 m2 or above,New Territories,82298.0
201612,160 m2 or above,New Territories,85249.0
201703,160 m2 or above,New Territories,89175.0
201706,160 m2 or above,New Territories,99041.0
201709,160 m2 or above,New Territories,87950.0
201712,160 m2 or above,New Territories,87123.0
201803,160 m2 or above,New Territories,88803.0
201806,160 m2 or above,New Territories,96301.0
201809,160 m2 or above,New Territories,109629.0
201812,160 m2 or above,New Territories,127466.0
201903,160 m2 or above,New Territories,92166.0
201906,160 m2 or above,New Territories,101596.0
201909,160 m2 or above,New Territories,86740.0
201912,160 m2 or above,New Territories,95372.0
202003,160 m2 or above,New Territories,100374.0
202006,160 m2 or above,New Territories,102560.0
202009,160 m2 or above,New Territories,112992.0
202012,160 m2 or above,New Territories,91742.0
202103,160 m2 or above,New Territories,116774.0
202106,160 m2 or above,New Territories,117536.0
202109,160 m2 or above,New Territories,116562.0
202112,160 m2 or above,New Territories,111164.0
202203,160 m2 or above,New Territories,102858.0
202206,160 m2 or above,New Territories,114974.0
202209,160 m2 or above,New Territories,119300.0
202212,160 m2 or above,New Territories,86651.0
202303,160 m2 or above,New Territories,116796.0
202306,160 m2 or above,New Territories,101902.0
202309,160 m2 or above,New Territories,112112.0
202312,160 m2 or above,New Territories,100668.0
202403,160 m2 or above,New Territories,91038.0
202406,160 m2 or above,New Territories,97338.0
202409,160 m2 or above,New Territories,97236.0
202412,160 m2 or above,New Territories,96413.0
202503,160 m2 or above,New Territories,86027.0
202506,160 m2 or above,New Territories,93242.0
202509,160 m2 or above,New Territories,90016.0
202512,160 m2 or above,New Territories,102080.0
202603,160 m2 or above,New Territories,95407.0
