Time,Class,Value
197912,Less than 40 m2,25.6
198003,Less than 40 m2,31.2
198006,Less than 40 m2,32.1
198009,Less than 40 m2,34.0
198012,Less than 40 m2,37.6
198103,Less than 40 m2,38.1
198106,Less than 40 m2,42.6
198109,Less than 40 m2,43.8
198112,Less than 40 m2,43.7
198203,Less than 40 m2,42.1
198206,Less than 40 m2,43.9
198209,Less than 40 m2,43.5
198212,Less than 40 m2,44.4
198303,Less than 40 m2,41.5
198306,Less than 40 m2,40.4
198309,Less than 40 m2,40.6
198312,Less than 40 m2,40.9
198403,Less than 40 m2,39.0
198406,Less than 40 m2,39.7
198409,Less than 40 m2,39.7
198412,Less than 40 m2,40.5
198503,Less than 40 m2,40.1
198506,Less than 40 m2,40.9
198509,Less than 40 m2,40.9
198512,Less than 40 m2,41.3
198603,Less than 40 m2,41.6
198606,Less than 40 m2,42.1
198609,Less than 40 m2,43.0
198612,Less than 40 m2,42.9
198703,Less than 40 m2,44.0
198706,Less than 40 m2,45.3
198709,Less than 40 m2,47.7
198712,Less than 40 m2,49.3
198803,Less than 40 m2,50.0
198806,Less than 40 m2,52.7
198809,Less than 40 m2,55.6
198812,Less than 40 m2,59.7
198903,Less than 40 m2,64.2
198906,Less than 40 m2,70.6
198909,Less than 40 m2,69.6
198912,Less than 40 m2,73.5
199003,Less than 40 m2,76.9
199006,Less than 40 m2,80.9
199009,Less than 40 m2,81.0
199012,Less than 40 m2,82.5
199103,Less than 40 m2,83.8
199106,Less than 40 m2,85.0
199109,Less than 40 m2,88.8
199112,Less than 40 m2,89.0
199203,Less than 40 m2,89.3
199206,Less than 40 m2,93.7
199209,Less than 40 m2,94.6
199212,Less than 40 m2,94.8
199303,Less than 40 m2,95.2
199306,Less than 40 m2,95.7
199309,Less than 40 m2,97.4
199312,Less than 40 m2,101.6
199403,Less than 40 m2,104.9
199406,Less than 40 m2,112.8
199409,Less than 40 m2,113.7
199412,Less than 40 m2,115.6
199503,Less than 40 m2,114.8
199506,Less than 40 m2,116.2
199509,Less than 40 m2,115.3
199512,Less than 40 m2,112.1
199603,Less than 40 m2,113.0
199606,Less than 40 m2,114.2
199609,Less than 40 m2,115.7
199612,Less than 40 m2,116.3
199703,Less than 40 m2,122.6
199706,Less than 40 m2,126.9
199709,Less than 40 m2,132.3
199712,Less than 40 m2,130.7
199803,Less than 40 m2,123.4
199806,Less than 40 m2,117.2
199809,Less than 40 m2,108.0
199812,Less than 40 m2,102.4
199903,Less than 40 m2,101.6
199906,Less than 40 m2,100.9
199909,Less than 40 m2,100.2
199912,Less than 40 m2,97.3
200003,Less than 40 m2,97.7
200006,Less than 40 m2,98.0
200009,Less than 40 m2,97.0
200012,Less than 40 m2,96.3
200103,Less than 40 m2,96.1
200106,Less than 40 m2,94.7
200109,Less than 40 m2,92.2
200112,Less than 40 m2,89.2
200203,Less than 40 m2,85.1
200206,Less than 40 m2,82.2
200209,Less than 40 m2,80.5
200212,Less than 40 m2,77.2
200303,Less than 40 m2,75.4
200306,Less than 40 m2,72.8
200309,Less than 40 m2,71.3
200312,Less than 40 m2,71.5
200403,Less than 40 m2,73.5
200406,Less than 40 m2,75.3
200409,Less than 40 m2,75.9
200412,Less than 40 m2,77.1
200503,Less than 40 m2,78.9
200506,Less than 40 m2,82.5
200509,Less than 40 m2,84.7
200512,Less than 40 m2,87.0
200603,Less than 40 m2,86.4
200606,Less than 40 m2,88.7
200609,Less than 40 m2,91.1
200612,Less than 40 m2,94.0
200703,Less than 40 m2,94.3
200706,Less than 40 m2,98.7
200709,Less than 40 m2,102.5
200712,Less than 40 m2,106.5
200803,Less than 40 m2,112.8
200806,Less than 40 m2,117.2
200809,Less than 40 m2,117.1
200812,Less than 40 m2,105.9
200903,Less than 40 m2,97.4
200906,Less than 40 m2,98.8
200909,Less than 40 m2,102.8
200912,Less than 40 m2,109.0
201003,Less than 40 m2,112.6
201006,Less than 40 m2,118.3
201009,Less than 40 m2,123.0
201012,Less than 40 m2,129.0
201103,Less than 40 m2,129.8
201106,Less than 40 m2,136.0
201109,Less than 40 m2,141.3
201112,Less than 40 m2,141.1
201203,Less than 40 m2,139.1
201206,Less than 40 m2,147.2
201209,Less than 40 m2,153.9
201212,Less than 40 m2,158.4
201303,Less than 40 m2,159.9
201306,Less than 40 m2,162.1
201309,Less than 40 m2,165.1
201312,Less than 40 m2,167.5
201403,Less than 40 m2,167.1
201406,Less than 40 m2,168.8
201409,Less than 40 m2,173.1
201412,Less than 40 m2,178.3
201503,Less than 40 m2,181.9
201506,Less than 40 m2,187.4
201509,Less than 40 m2,191.6
201512,Less than 40 m2,188.9
201603,Less than 40 m2,181.3
201606,Less than 40 m2,181.3
201609,Less than 40 m2,186.8
201612,Less than 40 m2,189.7
201703,Less than 40 m2,193.6
201706,Less than 40 m2,199.6
201709,Less than 40 m2,204.0
201712,Less than 40 m2,207.5
201803,Less than 40 m2,207.8
201806,Less than 40 m2,211.8
201809,Less than 40 m2,217.2
201812,Less than 40 m2,216.9
201903,Less than 40 m2,213.3
201906,Less than 40 m2,215.8
201909,Less than 40 m2,221.0
201912,Less than 40 m2,211.3
202003,Less than 40 m2,202.2
202006,Less than 40 m2,197.1
202009,Less than 40 m2,198.7
202012,Less than 40 m2,194.8
202103,Less than 40 m2,191.7
202106,Less than 40 m2,195.1
202109,Less than 40 m2,199.2
202112,Less than 40 m2,200.7
202203,Less than 40 m2,196.1
202206,Less than 40 m2,194.0
202209,Less than 40 m2,196.9
202212,Less than 40 m2,195.8
202303,Less than 40 m2,194.1
202306,Less than 40 m2,199.5
202309,Less than 40 m2,204.5
202312,Less than 40 m2,206.6
202403,Less than 40 m2,205.5
202406,Less than 40 m2,209.9
202409,Less than 40 m2,215.4
202412,Less than 40 m2,212.5
202503,Less than 40 m2,212.5
202506,Less than 40 m2,213.4
202509,Less than 40 m2,218.4
202512,Less than 40 m2,219.8
202603,Less than 40 m2,219.8
197912,40 m2 to 69.9 m2,27.4
198003,40 m2 to 69.9 m2,26.9
198006,40 m2 to 69.9 m2,30.9
198009,40 m2 to 69.9 m2,32.8
198012,40 m2 to 69.9 m2,35.8
198103,40 m2 to 69.9 m2,38.6
198106,40 m2 to 69.9 m2,40.3
198109,40 m2 to 69.9 m2,40.8
198112,40 m2 to 69.9 m2,40.5
198203,40 m2 to 69.9 m2,41.0
198206,40 m2 to 69.9 m2,41.4
198209,40 m2 to 69.9 m2,41.8
198212,40 m2 to 69.9 m2,41.7
198303,40 m2 to 69.9 m2,39.7
198306,40 m2 to 69.9 m2,39.1
198309,40 m2 to 69.9 m2,38.1
198312,40 m2 to 69.9 m2,37.5
198403,40 m2 to 69.9 m2,37.5
198406,40 m2 to 69.9 m2,37.5
198409,40 m2 to 69.9 m2,38.6
198412,40 m2 to 69.9 m2,38.9
198503,40 m2 to 69.9 m2,38.9
198506,40 m2 to 69.9 m2,39.3
198509,40 m2 to 69.9 m2,40.8
198512,40 m2 to 69.9 m2,40.5
198603,40 m2 to 69.9 m2,41.1
198606,40 m2 to 69.9 m2,41.8
198609,40 m2 to 69.9 m2,43.0
198612,40 m2 to 69.9 m2,43.1
198703,40 m2 to 69.9 m2,43.4
198706,40 m2 to 69.9 m2,46.3
198709,40 m2 to 69.9 m2,48.6
198712,40 m2 to 69.9 m2,50.0
198803,40 m2 to 69.9 m2,50.0
198806,40 m2 to 69.9 m2,52.5
198809,40 m2 to 69.9 m2,55.6
198812,40 m2 to 69.9 m2,59.7
198903,40 m2 to 69.9 m2,66.4
198906,40 m2 to 69.9 m2,70.8
198909,40 m2 to 69.9 m2,70.5
198912,40 m2 to 69.9 m2,73.5
199003,40 m2 to 69.9 m2,77.8
199006,40 m2 to 69.9 m2,78.2
199009,40 m2 to 69.9 m2,79.4
199012,40 m2 to 69.9 m2,81.5
199103,40 m2 to 69.9 m2,83.1
199106,40 m2 to 69.9 m2,85.3
199109,40 m2 to 69.9 m2,88.4
199112,40 m2 to 69.9 m2,90.1
199203,40 m2 to 69.9 m2,90.8
199206,40 m2 to 69.9 m2,94.2
199209,40 m2 to 69.9 m2,95.7
199212,40 m2 to 69.9 m2,94.4
199303,40 m2 to 69.9 m2,93.1
199306,40 m2 to 69.9 m2,95.1
199309,40 m2 to 69.9 m2,100.9
199312,40 m2 to 69.9 m2,105.1
199403,40 m2 to 69.9 m2,107.4
199406,40 m2 to 69.9 m2,118.7
199409,40 m2 to 69.9 m2,121.2
199412,40 m2 to 69.9 m2,121.2
199503,40 m2 to 69.9 m2,119.9
199506,40 m2 to 69.9 m2,121.2
199509,40 m2 to 69.9 m2,120.2
199512,40 m2 to 69.9 m2,117.1
199603,40 m2 to 69.9 m2,116.0
199606,40 m2 to 69.9 m2,117.3
199609,40 m2 to 69.9 m2,120.5
199612,40 m2 to 69.9 m2,123.7
199703,40 m2 to 69.9 m2,129.0
199706,40 m2 to 69.9 m2,135.4
199709,40 m2 to 69.9 m2,140.1
199712,40 m2 to 69.9 m2,138.3
199803,40 m2 to 69.9 m2,120.7
199806,40 m2 to 69.9 m2,115.5
199809,40 m2 to 69.9 m2,104.6
199812,40 m2 to 69.9 m2,100.6
199903,40 m2 to 69.9 m2,101.1
199906,40 m2 to 69.9 m2,100.3
199909,40 m2 to 69.9 m2,100.4
199912,40 m2 to 69.9 m2,98.2
200003,40 m2 to 69.9 m2,97.7
200006,40 m2 to 69.9 m2,97.6
200009,40 m2 to 69.9 m2,96.6
200012,40 m2 to 69.9 m2,97.5
200103,40 m2 to 69.9 m2,96.3
200106,40 m2 to 69.9 m2,95.3
200109,40 m2 to 69.9 m2,94.4
200112,40 m2 to 69.9 m2,89.6
200203,40 m2 to 69.9 m2,85.3
200206,40 m2 to 69.9 m2,83.6
200209,40 m2 to 69.9 m2,80.8
200212,40 m2 to 69.9 m2,77.6
200303,40 m2 to 69.9 m2,75.4
200306,40 m2 to 69.9 m2,72.5
200309,40 m2 to 69.9 m2,71.3
200312,40 m2 to 69.9 m2,71.7
200403,40 m2 to 69.9 m2,73.9
200406,40 m2 to 69.9 m2,76.5
200409,40 m2 to 69.9 m2,77.1
200412,40 m2 to 69.9 m2,78.6
200503,40 m2 to 69.9 m2,81.0
200506,40 m2 to 69.9 m2,83.8
200509,40 m2 to 69.9 m2,86.9
200512,40 m2 to 69.9 m2,88.0
200603,40 m2 to 69.9 m2,87.4
200606,40 m2 to 69.9 m2,88.6
200609,40 m2 to 69.9 m2,89.2
200612,40 m2 to 69.9 m2,91.0
200703,40 m2 to 69.9 m2,93.0
200706,40 m2 to 69.9 m2,95.3
200709,40 m2 to 69.9 m2,99.4
200712,40 m2 to 69.9 m2,104.5
200803,40 m2 to 69.9 m2,112.0
200806,40 m2 to 69.9 m2,116.6
200809,40 m2 to 69.9 m2,116.2
200812,40 m2 to 69.9 m2,101.7
200903,40 m2 to 69.9 m2,89.6
200906,40 m2 to 69.9 m2,93.3
200909,40 m2 to 69.9 m2,100.8
200912,40 m2 to 69.9 m2,107.6
201003,40 m2 to 69.9 m2,110.0
201006,40 m2 to 69.9 m2,116.3
201009,40 m2 to 69.9 m2,120.3
201012,40 m2 to 69.9 m2,125.4
201103,40 m2 to 69.9 m2,126.5
201106,40 m2 to 69.9 m2,132.3
201109,40 m2 to 69.9 m2,134.7
201112,40 m2 to 69.9 m2,134.3
201203,40 m2 to 69.9 m2,130.7
201206,40 m2 to 69.9 m2,136.5
201209,40 m2 to 69.9 m2,144.8
201212,40 m2 to 69.9 m2,149.8
201303,40 m2 to 69.9 m2,151.1
201306,40 m2 to 69.9 m2,152.8
201309,40 m2 to 69.9 m2,155.1
201312,40 m2 to 69.9 m2,156.0
201403,40 m2 to 69.9 m2,154.0
201406,40 m2 to 69.9 m2,155.5
201409,40 m2 to 69.9 m2,160.8
201412,40 m2 to 69.9 m2,165.3
201503,40 m2 to 69.9 m2,168.7
201506,40 m2 to 69.9 m2,173.1
201509,40 m2 to 69.9 m2,176.7
201512,40 m2 to 69.9 m2,172.4
201603,40 m2 to 69.9 m2,162.0
201606,40 m2 to 69.9 m2,161.6
201609,40 m2 to 69.9 m2,167.9
201612,40 m2 to 69.9 m2,171.8
201703,40 m2 to 69.9 m2,176.3
201706,40 m2 to 69.9 m2,180.6
201709,40 m2 to 69.9 m2,184.1
201712,40 m2 to 69.9 m2,185.8
201803,40 m2 to 69.9 m2,187.0
201806,40 m2 to 69.9 m2,191.7
201809,40 m2 to 69.9 m2,196.0
201812,40 m2 to 69.9 m2,194.8
201903,40 m2 to 69.9 m2,191.0
201906,40 m2 to 69.9 m2,194.6
201909,40 m2 to 69.9 m2,197.3
201912,40 m2 to 69.9 m2,190.5
202003,40 m2 to 69.9 m2,184.2
202006,40 m2 to 69.9 m2,179.4
202009,40 m2 to 69.9 m2,181.5
202012,40 m2 to 69.9 m2,179.2
202103,40 m2 to 69.9 m2,176.5
202106,40 m2 to 69.9 m2,179.6
202109,40 m2 to 69.9 m2,184.1
202112,40 m2 to 69.9 m2,183.4
202203,40 m2 to 69.9 m2,179.3
202206,40 m2 to 69.9 m2,176.8
202209,40 m2 to 69.9 m2,177.5
202212,40 m2 to 69.9 m2,174.2
202303,40 m2 to 69.9 m2,172.7
202306,40 m2 to 69.9 m2,177.5
202309,40 m2 to 69.9 m2,182.4
202312,40 m2 to 69.9 m2,183.6
202403,40 m2 to 69.9 m2,183.3
202406,40 m2 to 69.9 m2,189.3
202409,40 m2 to 69.9 m2,193.5
202412,40 m2 to 69.9 m2,191.0
202503,40 m2 to 69.9 m2,191.9
202506,40 m2 to 69.9 m2,193.7
202509,40 m2 to 69.9 m2,197.8
202512,40 m2 to 69.9 m2,198.8
202603,40 m2 to 69.9 m2,199.7
197912,70 m2 to 99.9 m2,27.4
198003,70 m2 to 99.9 m2,27.8
198006,70 m2 to 99.9 m2,30.3
198009,70 m2 to 99.9 m2,30.2
198012,70 m2 to 99.9 m2,34.2
198103,70 m2 to 99.9 m2,37.3
198106,70 m2 to 99.9 m2,40.3
198109,70 m2 to 99.9 m2,42.2
198112,70 m2 to 99.9 m2,41.7
198203,70 m2 to 99.9 m2,41.5
198206,70 m2 to 99.9 m2,42.1
198209,70 m2 to 99.9 m2,42.1
198212,70 m2 to 99.9 m2,41.7
198303,70 m2 to 99.9 m2,38.9
198306,70 m2 to 99.9 m2,38.6
198309,70 m2 to 99.9 m2,37.0
198312,70 m2 to 99.9 m2,33.6
198403,70 m2 to 99.9 m2,34.3
198406,70 m2 to 99.9 m2,34.7
198409,70 m2 to 99.9 m2,35.0
198412,70 m2 to 99.9 m2,34.7
198503,70 m2 to 99.9 m2,36.4
198506,70 m2 to 99.9 m2,37.5
198509,70 m2 to 99.9 m2,38.2
198512,70 m2 to 99.9 m2,40.1
198603,70 m2 to 99.9 m2,41.0
198606,70 m2 to 99.9 m2,41.0
198609,70 m2 to 99.9 m2,42.2
198612,70 m2 to 99.9 m2,42.1
198703,70 m2 to 99.9 m2,44.9
198706,70 m2 to 99.9 m2,46.4
198709,70 m2 to 99.9 m2,48.0
198712,70 m2 to 99.9 m2,50.0
198803,70 m2 to 99.9 m2,50.2
198806,70 m2 to 99.9 m2,54.1
198809,70 m2 to 99.9 m2,56.1
198812,70 m2 to 99.9 m2,60.1
198903,70 m2 to 99.9 m2,64.1
198906,70 m2 to 99.9 m2,70.0
198909,70 m2 to 99.9 m2,70.3
198912,70 m2 to 99.9 m2,71.2
199003,70 m2 to 99.9 m2,74.8
199006,70 m2 to 99.9 m2,77.0
199009,70 m2 to 99.9 m2,77.8
199012,70 m2 to 99.9 m2,78.7
199103,70 m2 to 99.9 m2,79.4
199106,70 m2 to 99.9 m2,83.1
199109,70 m2 to 99.9 m2,85.4
199112,70 m2 to 99.9 m2,89.9
199203,70 m2 to 99.9 m2,89.6
199206,70 m2 to 99.9 m2,95.5
199209,70 m2 to 99.9 m2,98.6
199212,70 m2 to 99.9 m2,98.0
199303,70 m2 to 99.9 m2,98.2
199306,70 m2 to 99.9 m2,99.9
199309,70 m2 to 99.9 m2,103.5
199312,70 m2 to 99.9 m2,106.4
199403,70 m2 to 99.9 m2,109.4
199406,70 m2 to 99.9 m2,127.6
199409,70 m2 to 99.9 m2,133.3
199412,70 m2 to 99.9 m2,134.4
199503,70 m2 to 99.9 m2,132.2
199506,70 m2 to 99.9 m2,128.8
199509,70 m2 to 99.9 m2,126.7
199512,70 m2 to 99.9 m2,124.4
199603,70 m2 to 99.9 m2,123.0
199606,70 m2 to 99.9 m2,122.9
199609,70 m2 to 99.9 m2,125.6
199612,70 m2 to 99.9 m2,127.4
199703,70 m2 to 99.9 m2,135.8
199706,70 m2 to 99.9 m2,140.6
199709,70 m2 to 99.9 m2,145.0
199712,70 m2 to 99.9 m2,142.3
199803,70 m2 to 99.9 m2,127.2
199806,70 m2 to 99.9 m2,119.8
199809,70 m2 to 99.9 m2,107.7
199812,70 m2 to 99.9 m2,99.5
199903,70 m2 to 99.9 m2,100.6
199906,70 m2 to 99.9 m2,100.5
199909,70 m2 to 99.9 m2,100.6
199912,70 m2 to 99.9 m2,98.2
200003,70 m2 to 99.9 m2,97.9
200006,70 m2 to 99.9 m2,99.7
200009,70 m2 to 99.9 m2,99.2
200012,70 m2 to 99.9 m2,100.5
200103,70 m2 to 99.9 m2,99.8
200106,70 m2 to 99.9 m2,98.9
200109,70 m2 to 99.9 m2,97.2
200112,70 m2 to 99.9 m2,93.8
200203,70 m2 to 99.9 m2,90.2
200206,70 m2 to 99.9 m2,87.0
200209,70 m2 to 99.9 m2,84.2
200212,70 m2 to 99.9 m2,78.7
200303,70 m2 to 99.9 m2,75.6
200306,70 m2 to 99.9 m2,73.1
200309,70 m2 to 99.9 m2,70.3
200312,70 m2 to 99.9 m2,70.9
200403,70 m2 to 99.9 m2,75.4
200406,70 m2 to 99.9 m2,78.5
200409,70 m2 to 99.9 m2,79.7
200412,70 m2 to 99.9 m2,82.6
200503,70 m2 to 99.9 m2,85.9
200506,70 m2 to 99.9 m2,90.5
200509,70 m2 to 99.9 m2,91.2
200512,70 m2 to 99.9 m2,94.0
200603,70 m2 to 99.9 m2,92.7
200606,70 m2 to 99.9 m2,94.2
200609,70 m2 to 99.9 m2,94.1
200612,70 m2 to 99.9 m2,94.6
200703,70 m2 to 99.9 m2,97.3
200706,70 m2 to 99.9 m2,101.5
200709,70 m2 to 99.9 m2,105.7
200712,70 m2 to 99.9 m2,109.2
200803,70 m2 to 99.9 m2,118.6
200806,70 m2 to 99.9 m2,123.9
200809,70 m2 to 99.9 m2,125.5
200812,70 m2 to 99.9 m2,108.8
200903,70 m2 to 99.9 m2,92.6
200906,70 m2 to 99.9 m2,93.2
200909,70 m2 to 99.9 m2,100.3
200912,70 m2 to 99.9 m2,106.3
201003,70 m2 to 99.9 m2,111.6
201006,70 m2 to 99.9 m2,116.0
201009,70 m2 to 99.9 m2,119.0
201012,70 m2 to 99.9 m2,122.0
201103,70 m2 to 99.9 m2,123.2
201106,70 m2 to 99.9 m2,127.7
201109,70 m2 to 99.9 m2,131.1
201112,70 m2 to 99.9 m2,129.8
201203,70 m2 to 99.9 m2,125.0
201206,70 m2 to 99.9 m2,130.0
201209,70 m2 to 99.9 m2,134.1
201212,70 m2 to 99.9 m2,138.9
201303,70 m2 to 99.9 m2,140.1
201306,70 m2 to 99.9 m2,140.8
201309,70 m2 to 99.9 m2,141.2
201312,70 m2 to 99.9 m2,141.7
201403,70 m2 to 99.9 m2,139.7
201406,70 m2 to 99.9 m2,141.1
201409,70 m2 to 99.9 m2,144.3
201412,70 m2 to 99.9 m2,148.2
201503,70 m2 to 99.9 m2,150.8
201506,70 m2 to 99.9 m2,153.9
201509,70 m2 to 99.9 m2,156.8
201512,70 m2 to 99.9 m2,154.7
201603,70 m2 to 99.9 m2,148.1
201606,70 m2 to 99.9 m2,146.0
201609,70 m2 to 99.9 m2,148.4
201612,70 m2 to 99.9 m2,151.0
201703,70 m2 to 99.9 m2,154.9
201706,70 m2 to 99.9 m2,159.1
201709,70 m2 to 99.9 m2,161.3
201712,70 m2 to 99.9 m2,162.1
201803,70 m2 to 99.9 m2,162.8
201806,70 m2 to 99.9 m2,166.2
201809,70 m2 to 99.9 m2,169.1
201812,70 m2 to 99.9 m2,168.7
201903,70 m2 to 99.9 m2,166.5
201906,70 m2 to 99.9 m2,167.6
201909,70 m2 to 99.9 m2,168.9
201912,70 m2 to 99.9 m2,165.1
202003,70 m2 to 99.9 m2,158.2
202006,70 m2 to 99.9 m2,154.6
202009,70 m2 to 99.9 m2,154.6
202012,70 m2 to 99.9 m2,154.1
202103,70 m2 to 99.9 m2,152.5
202106,70 m2 to 99.9 m2,155.7
202109,70 m2 to 99.9 m2,157.9
202112,70 m2 to 99.9 m2,158.1
202203,70 m2 to 99.9 m2,156.5
202206,70 m2 to 99.9 m2,152.7
202209,70 m2 to 99.9 m2,152.3
202212,70 m2 to 99.9 m2,150.2
202303,70 m2 to 99.9 m2,148.3
202306,70 m2 to 99.9 m2,153.2
202309,70 m2 to 99.9 m2,155.1
202312,70 m2 to 99.9 m2,157.2
202403,70 m2 to 99.9 m2,156.7
202406,70 m2 to 99.9 m2,160.7
202409,70 m2 to 99.9 m2,164.8
202412,70 m2 to 99.9 m2,162.4
202503,70 m2 to 99.9 m2,162.5
202506,70 m2 to 99.9 m2,164.1
202509,70 m2 to 99.9 m2,167.2
202512,70 m2 to 99.9 m2,167.9
202603,70 m2 to 99.9 m2,170.7
197912,100 m2 to 159.9 m2,26.4
198003,100 m2 to 159.9 m2,29.6
198006,100 m2 to 159.9 m2,34.1
198009,100 m2 to 159.9 m2,33.0
198012,100 m2 to 159.9 m2,35.6
198103,100 m2 to 159.9 m2,41.4
198106,100 m2 to 159.9 m2,41.4
198109,100 m2 to 159.9 m2,46.0
198112,100 m2 to 159.9 m2,45.4
198203,100 m2 to 159.9 m2,44.7
198206,100 m2 to 159.9 m2,43.0
198209,100 m2 to 159.9 m2,42.1
198212,100 m2 to 159.9 m2,41.8
198303,100 m2 to 159.9 m2,41.0
198306,100 m2 to 159.9 m2,36.7
198309,100 m2 to 159.9 m2,36.0
198312,100 m2 to 159.9 m2,33.4
198403,100 m2 to 159.9 m2,32.7
198406,100 m2 to 159.9 m2,32.7
198409,100 m2 to 159.9 m2,32.7
198412,100 m2 to 159.9 m2,33.4
198503,100 m2 to 159.9 m2,34.7
198506,100 m2 to 159.9 m2,35.5
198509,100 m2 to 159.9 m2,37.2
198512,100 m2 to 159.9 m2,38.5
198603,100 m2 to 159.9 m2,40.1
198606,100 m2 to 159.9 m2,41.7
198609,100 m2 to 159.9 m2,43.6
198612,100 m2 to 159.9 m2,43.8
198703,100 m2 to 159.9 m2,43.6
198706,100 m2 to 159.9 m2,46.6
198709,100 m2 to 159.9 m2,47.3
198712,100 m2 to 159.9 m2,48.9
198803,100 m2 to 159.9 m2,50.4
198806,100 m2 to 159.9 m2,53.6
198809,100 m2 to 159.9 m2,57.5
198812,100 m2 to 159.9 m2,62.1
198903,100 m2 to 159.9 m2,66.0
198906,100 m2 to 159.9 m2,70.4
198909,100 m2 to 159.9 m2,70.1
198912,100 m2 to 159.9 m2,69.3
199003,100 m2 to 159.9 m2,70.2
199006,100 m2 to 159.9 m2,71.0
199009,100 m2 to 159.9 m2,71.2
199012,100 m2 to 159.9 m2,73.2
199103,100 m2 to 159.9 m2,72.1
199106,100 m2 to 159.9 m2,74.3
199109,100 m2 to 159.9 m2,77.5
199112,100 m2 to 159.9 m2,79.9
199203,100 m2 to 159.9 m2,81.7
199206,100 m2 to 159.9 m2,87.0
199209,100 m2 to 159.9 m2,89.5
199212,100 m2 to 159.9 m2,91.4
199303,100 m2 to 159.9 m2,92.2
199306,100 m2 to 159.9 m2,95.7
199309,100 m2 to 159.9 m2,100.2
199312,100 m2 to 159.9 m2,102.1
199403,100 m2 to 159.9 m2,106.4
199406,100 m2 to 159.9 m2,125.4
199409,100 m2 to 159.9 m2,137.8
199412,100 m2 to 159.9 m2,138.6
199503,100 m2 to 159.9 m2,137.1
199506,100 m2 to 159.9 m2,131.8
199509,100 m2 to 159.9 m2,126.4
199512,100 m2 to 159.9 m2,120.0
199603,100 m2 to 159.9 m2,120.5
199606,100 m2 to 159.9 m2,118.3
199609,100 m2 to 159.9 m2,122.7
199612,100 m2 to 159.9 m2,126.0
199703,100 m2 to 159.9 m2,132.7
199706,100 m2 to 159.9 m2,137.4
199709,100 m2 to 159.9 m2,144.0
199712,100 m2 to 159.9 m2,143.0
199803,100 m2 to 159.9 m2,130.6
199806,100 m2 to 159.9 m2,122.9
199809,100 m2 to 159.9 m2,109.4
199812,100 m2 to 159.9 m2,101.7
199903,100 m2 to 159.9 m2,102.4
199906,100 m2 to 159.9 m2,100.8
199909,100 m2 to 159.9 m2,99.4
199912,100 m2 to 159.9 m2,97.4
200003,100 m2 to 159.9 m2,98.6
200006,100 m2 to 159.9 m2,100.1
200009,100 m2 to 159.9 m2,101.1
200012,100 m2 to 159.9 m2,102.9
200103,100 m2 to 159.9 m2,102.9
200106,100 m2 to 159.9 m2,104.0
200109,100 m2 to 159.9 m2,102.6
200112,100 m2 to 159.9 m2,97.9
200203,100 m2 to 159.9 m2,94.8
200206,100 m2 to 159.9 m2,91.8
200209,100 m2 to 159.9 m2,88.1
200212,100 m2 to 159.9 m2,84.4
200303,100 m2 to 159.9 m2,81.5
200306,100 m2 to 159.9 m2,77.9
200309,100 m2 to 159.9 m2,74.6
200312,100 m2 to 159.9 m2,74.9
200403,100 m2 to 159.9 m2,79.4
200406,100 m2 to 159.9 m2,83.5
200409,100 m2 to 159.9 m2,85.3
200412,100 m2 to 159.9 m2,87.9
200503,100 m2 to 159.9 m2,92.0
200506,100 m2 to 159.9 m2,92.1
200509,100 m2 to 159.9 m2,96.8
200512,100 m2 to 159.9 m2,97.9
200603,100 m2 to 159.9 m2,99.4
200606,100 m2 to 159.9 m2,100.0
200609,100 m2 to 159.9 m2,100.2
200612,100 m2 to 159.9 m2,102.3
200703,100 m2 to 159.9 m2,107.9
200706,100 m2 to 159.9 m2,113.9
200709,100 m2 to 159.9 m2,117.2
200712,100 m2 to 159.9 m2,122.1
200803,100 m2 to 159.9 m2,131.2
200806,100 m2 to 159.9 m2,137.0
200809,100 m2 to 159.9 m2,140.9
200812,100 m2 to 159.9 m2,124.4
200903,100 m2 to 159.9 m2,103.9
200906,100 m2 to 159.9 m2,100.3
200909,100 m2 to 159.9 m2,105.9
200912,100 m2 to 159.9 m2,112.6
201003,100 m2 to 159.9 m2,117.0
201006,100 m2 to 159.9 m2,122.9
201009,100 m2 to 159.9 m2,126.9
201012,100 m2 to 159.9 m2,129.4
201103,100 m2 to 159.9 m2,132.0
201106,100 m2 to 159.9 m2,137.4
201109,100 m2 to 159.9 m2,138.2
201112,100 m2 to 159.9 m2,136.1
201203,100 m2 to 159.9 m2,133.0
201206,100 m2 to 159.9 m2,135.5
201209,100 m2 to 159.9 m2,139.7
201212,100 m2 to 159.9 m2,143.3
201303,100 m2 to 159.9 m2,142.2
201306,100 m2 to 159.9 m2,141.8
201309,100 m2 to 159.9 m2,142.2
201312,100 m2 to 159.9 m2,141.8
201403,100 m2 to 159.9 m2,140.7
201406,100 m2 to 159.9 m2,140.9
201409,100 m2 to 159.9 m2,142.4
201412,100 m2 to 159.9 m2,145.3
201503,100 m2 to 159.9 m2,147.9
201506,100 m2 to 159.9 m2,150.3
201509,100 m2 to 159.9 m2,153.1
201512,100 m2 to 159.9 m2,150.8
201603,100 m2 to 159.9 m2,147.2
201606,100 m2 to 159.9 m2,144.5
201609,100 m2 to 159.9 m2,146.5
201612,100 m2 to 159.9 m2,146.9
201703,100 m2 to 159.9 m2,149.2
201706,100 m2 to 159.9 m2,153.5
201709,100 m2 to 159.9 m2,155.9
201712,100 m2 to 159.9 m2,155.3
201803,100 m2 to 159.9 m2,155.7
201806,100 m2 to 159.9 m2,157.7
201809,100 m2 to 159.9 m2,162.0
201812,100 m2 to 159.9 m2,161.3
201903,100 m2 to 159.9 m2,160.1
201906,100 m2 to 159.9 m2,160.8
201909,100 m2 to 159.9 m2,160.7
201912,100 m2 to 159.9 m2,156.0
202003,100 m2 to 159.9 m2,151.5
202006,100 m2 to 159.9 m2,147.8
202009,100 m2 to 159.9 m2,147.3
202012,100 m2 to 159.9 m2,147.3
202103,100 m2 to 159.9 m2,145.2
202106,100 m2 to 159.9 m2,147.9
202109,100 m2 to 159.9 m2,148.6
202112,100 m2 to 159.9 m2,150.8
202203,100 m2 to 159.9 m2,151.0
202206,100 m2 to 159.9 m2,149.6
202209,100 m2 to 159.9 m2,145.7
202212,100 m2 to 159.9 m2,144.3
202303,100 m2 to 159.9 m2,144.1
202306,100 m2 to 159.9 m2,148.5
202309,100 m2 to 159.9 m2,149.4
202312,100 m2 to 159.9 m2,149.5
202403,100 m2 to 159.9 m2,148.4
202406,100 m2 to 159.9 m2,151.3
202409,100 m2 to 159.9 m2,153.8
202412,100 m2 to 159.9 m2,150.7
202503,100 m2 to 159.9 m2,150.5
202506,100 m2 to 159.9 m2,152.5
202509,100 m2 to 159.9 m2,155.2
202512,100 m2 to 159.9 m2,156.3
202603,100 m2 to 159.9 m2,159.8
197912,160 m2 or above,26.7
198003,160 m2 or above,29.9
198006,160 m2 or above,32.5
198009,160 m2 or above,37.0
198012,160 m2 or above,36.8
198103,160 m2 or above,42.6
198106,160 m2 or above,48.2
198109,160 m2 or above,47.8
198112,160 m2 or above,47.7
198203,160 m2 or above,47.5
198206,160 m2 or above,48.0
198209,160 m2 or above,46.7
198212,160 m2 or above,39.4
198303,160 m2 or above,41.7
198306,160 m2 or above,37.9
198309,160 m2 or above,35.4
198312,160 m2 or above,33.0
198403,160 m2 or above,31.5
198406,160 m2 or above,32.9
198409,160 m2 or above,33.6
198412,160 m2 or above,33.3
198503,160 m2 or above,36.0
198506,160 m2 or above,38.2
198509,160 m2 or above,40.9
198512,160 m2 or above,43.1
198603,160 m2 or above,45.2
198606,160 m2 or above,45.4
198609,160 m2 or above,46.6
198612,160 m2 or above,48.2
198703,160 m2 or above,48.5
198706,160 m2 or above,48.5
198709,160 m2 or above,49.3
198712,160 m2 or above,48.2
198803,160 m2 or above,48.9
198806,160 m2 or above,53.1
198809,160 m2 or above,55.7
198812,160 m2 or above,61.5
198903,160 m2 or above,63.7
198906,160 m2 or above,68.9
198909,160 m2 or above,68.8
198912,160 m2 or above,70.0
199003,160 m2 or above,67.3
199006,160 m2 or above,66.2
199009,160 m2 or above,66.6
199012,160 m2 or above,66.6
199103,160 m2 or above,65.3
199106,160 m2 or above,66.2
199109,160 m2 or above,67.4
199112,160 m2 or above,70.1
199203,160 m2 or above,72.2
199206,160 m2 or above,75.1
199209,160 m2 or above,79.0
199212,160 m2 or above,82.3
199303,160 m2 or above,84.8
199306,160 m2 or above,87.6
199309,160 m2 or above,92.3
199312,160 m2 or above,95.0
199403,160 m2 or above,102.0
199406,160 m2 or above,120.2
199409,160 m2 or above,136.0
199412,160 m2 or above,135.4
199503,160 m2 or above,132.9
199506,160 m2 or above,129.6
199509,160 m2 or above,126.2
199512,160 m2 or above,121.4
199603,160 m2 or above,117.4
199606,160 m2 or above,119.7
199609,160 m2 or above,123.1
199612,160 m2 or above,124.2
199703,160 m2 or above,129.6
199706,160 m2 or above,137.9
199709,160 m2 or above,143.5
199712,160 m2 or above,143.9
199803,160 m2 or above,132.1
199806,160 m2 or above,121.3
199809,160 m2 or above,111.5
199812,160 m2 or above,102.8
199903,160 m2 or above,101.1
199906,160 m2 or above,100.2
199909,160 m2 or above,99.7
199912,160 m2 or above,99.0
200003,160 m2 or above,99.6
200006,160 m2 or above,100.1
200009,160 m2 or above,102.8
200012,160 m2 or above,104.6
200103,160 m2 or above,105.1
200106,160 m2 or above,105.5
200109,160 m2 or above,105.4
200112,160 m2 or above,101.8
200203,160 m2 or above,98.2
200206,160 m2 or above,94.6
200209,160 m2 or above,93.9
200212,160 m2 or above,90.4
200303,160 m2 or above,85.5
200306,160 m2 or above,81.8
200309,160 m2 or above,78.7
200312,160 m2 or above,78.5
200403,160 m2 or above,80.0
200406,160 m2 or above,84.2
200409,160 m2 or above,89.0
200412,160 m2 or above,91.0
200503,160 m2 or above,91.4
200506,160 m2 or above,95.6
200509,160 m2 or above,101.4
200512,160 m2 or above,102.9
200603,160 m2 or above,102.3
200606,160 m2 or above,104.4
200609,160 m2 or above,108.1
200612,160 m2 or above,110.8
200703,160 m2 or above,113.2
200706,160 m2 or above,118.3
200709,160 m2 or above,126.7
200712,160 m2 or above,128.8
200803,160 m2 or above,137.1
200806,160 m2 or above,145.8
200809,160 m2 or above,148.5
200812,160 m2 or above,133.1
200903,160 m2 or above,113.1
200906,160 m2 or above,108.2
200909,160 m2 or above,115.0
200912,160 m2 or above,120.6
201003,160 m2 or above,122.3
201006,160 m2 or above,129.3
201009,160 m2 or above,132.5
201012,160 m2 or above,139.5
201103,160 m2 or above,139.1
201106,160 m2 or above,145.6
201109,160 m2 or above,150.2
201112,160 m2 or above,147.4
201203,160 m2 or above,145.9
201206,160 m2 or above,147.6
201209,160 m2 or above,148.3
201212,160 m2 or above,150.4
201303,160 m2 or above,146.7
201306,160 m2 or above,141.9
201309,160 m2 or above,143.2
201312,160 m2 or above,143.3
201403,160 m2 or above,141.4
201406,160 m2 or above,140.7
201409,160 m2 or above,142.0
201412,160 m2 or above,143.3
201503,160 m2 or above,144.5
201506,160 m2 or above,145.2
201509,160 m2 or above,147.0
201512,160 m2 or above,146.1
201603,160 m2 or above,143.7
201606,160 m2 or above,141.0
201609,160 m2 or above,141.4
201612,160 m2 or above,141.4
201703,160 m2 or above,142.5
201706,160 m2 or above,143.9
201709,160 m2 or above,145.1
201712,160 m2 or above,144.2
201803,160 m2 or above,145.3
201806,160 m2 or above,148.6
201809,160 m2 or above,150.8
201812,160 m2 or above,150.1
201903,160 m2 or above,149.8
201906,160 m2 or above,149.0
201909,160 m2 or above,150.1
201912,160 m2 or above,144.4
202003,160 m2 or above,140.8
202006,160 m2 or above,135.8
202009,160 m2 or above,133.3
202012,160 m2 or above,134.8
202103,160 m2 or above,132.6
202106,160 m2 or above,136.8
202109,160 m2 or above,136.3
202112,160 m2 or above,140.3
202203,160 m2 or above,140.0
202206,160 m2 or above,139.6
202209,160 m2 or above,133.9
202212,160 m2 or above,134.9
202303,160 m2 or above,131.4
202306,160 m2 or above,135.8
202309,160 m2 or above,138.2
202312,160 m2 or above,139.7
202403,160 m2 or above,137.8
202406,160 m2 or above,139.4
202409,160 m2 or above,140.2
202412,160 m2 or above,138.1
202503,160 m2 or above,138.3
202506,160 m2 or above,139.0
202509,160 m2 or above,139.4
202512,160 m2 or above,140.4
202603,160 m2 or above,143.1
197912,Less than 100 m2,
198003,Less than 100 m2,
198006,Less than 100 m2,
198009,Less than 100 m2,
198012,Less than 100 m2,
198103,Less than 100 m2,
198106,Less than 100 m2,
198109,Less than 100 m2,
198112,Less than 100 m2,
198203,Less than 100 m2,
198206,Less than 100 m2,
198209,Less than 100 m2,
198212,Less than 100 m2,
198303,Less than 100 m2,
198306,Less than 100 m2,
198309,Less than 100 m2,
198312,Less than 100 m2,
198403,Less than 100 m2,
198406,Less than 100 m2,
198409,Less than 100 m2,
198412,Less than 100 m2,
198503,Less than 100 m2,
198506,Less than 100 m2,
198509,Less than 100 m2,
198512,Less than 100 m2,
198603,Less than 100 m2,
198606,Less than 100 m2,
198609,Less than 100 m2,
198612,Less than 100 m2,
198703,Less than 100 m2,
198706,Less than 100 m2,
198709,Less than 100 m2,
198712,Less than 100 m2,
198803,Less than 100 m2,
198806,Less than 100 m2,
198809,Less than 100 m2,
198812,Less than 100 m2,
198903,Less than 100 m2,
198906,Less than 100 m2,
198909,Less than 100 m2,
198912,Less than 100 m2,
199003,Less than 100 m2,
199006,Less than 100 m2,
199009,Less than 100 m2,
199012,Less than 100 m2,
199103,Less than 100 m2,82.9
199106,Less than 100 m2,84.8
199109,Less than 100 m2,88.1
199112,Less than 100 m2,89.6
199203,Less than 100 m2,89.9
199206,Less than 100 m2,94.2
199209,Less than 100 m2,95.6
199212,Less than 100 m2,95.1
199303,Less than 100 m2,94.7
199306,Less than 100 m2,96.1
199309,Less than 100 m2,100.0
199312,Less than 100 m2,104.0
199403,Less than 100 m2,106.8
199406,Less than 100 m2,117.7
199409,Less than 100 m2,119.9
199412,Less than 100 m2,120.8
199503,Less than 100 m2,119.6
199506,Less than 100 m2,120.3
199509,Less than 100 m2,119.2
199512,Less than 100 m2,116.2
199603,Less than 100 m2,115.9
199606,Less than 100 m2,116.9
199609,Less than 100 m2,119.2
199612,Less than 100 m2,121.2
199703,Less than 100 m2,127.2
199706,Less than 100 m2,132.6
199709,Less than 100 m2,137.6
199712,Less than 100 m2,135.8
199803,Less than 100 m2,122.6
199806,Less than 100 m2,116.7
199809,Less than 100 m2,106.3
199812,Less than 100 m2,101.1
199903,Less than 100 m2,101.2
199906,Less than 100 m2,100.5
199909,Less than 100 m2,100.3
199912,Less than 100 m2,97.9
200003,Less than 100 m2,97.7
200006,Less than 100 m2,98.1
200009,Less than 100 m2,97.1
200012,Less than 100 m2,97.4
200103,Less than 100 m2,96.6
200106,Less than 100 m2,95.5
200109,Less than 100 m2,93.9
200112,Less than 100 m2,90.0
200203,Less than 100 m2,85.9
200206,Less than 100 m2,83.5
200209,Less than 100 m2,81.2
200212,Less than 100 m2,77.6
200303,Less than 100 m2,75.4
200306,Less than 100 m2,72.7
200309,Less than 100 m2,71.2
200312,Less than 100 m2,71.5
200403,Less than 100 m2,74.0
200406,Less than 100 m2,76.3
200409,Less than 100 m2,77.0
200412,Less than 100 m2,78.6
200503,Less than 100 m2,80.9
200506,Less than 100 m2,84.3
200509,Less than 100 m2,86.6
200512,Less than 100 m2,88.4
200603,Less than 100 m2,87.6
200606,Less than 100 m2,89.3
200609,Less than 100 m2,90.6
200612,Less than 100 m2,92.6
200703,Less than 100 m2,94.1
200706,Less than 100 m2,97.4
200709,Less than 100 m2,101.4
200712,Less than 100 m2,105.9
200803,Less than 100 m2,113.1
200806,Less than 100 m2,117.8
200809,Less than 100 m2,117.8
200812,Less than 100 m2,104.1
200903,Less than 100 m2,92.8
200906,Less than 100 m2,95.3
200909,Less than 100 m2,101.5
200912,Less than 100 m2,107.9
201003,Less than 100 m2,111.2
201006,Less than 100 m2,117.0
201009,Less than 100 m2,121.1
201012,Less than 100 m2,126.4
201103,Less than 100 m2,127.4
201106,Less than 100 m2,133.2
201109,Less than 100 m2,136.9
201112,Less than 100 m2,136.4
201203,Less than 100 m2,133.3
201206,Less than 100 m2,139.7
201209,Less than 100 m2,146.6
201212,Less than 100 m2,151.2
201303,Less than 100 m2,152.6
201306,Less than 100 m2,154.9
201309,Less than 100 m2,157.3
201312,Less than 100 m2,158.5
201403,Less than 100 m2,157.0
201406,Less than 100 m2,158.5
201409,Less than 100 m2,163.2
201412,Less than 100 m2,167.8
201503,Less than 100 m2,171.1
201506,Less than 100 m2,175.8
201509,Less than 100 m2,179.6
201512,Less than 100 m2,176.3
201603,Less than 100 m2,167.6
201606,Less than 100 m2,167.1
201609,Less than 100 m2,172.5
201612,Less than 100 m2,175.8
201703,Less than 100 m2,179.9
201706,Less than 100 m2,184.9
201709,Less than 100 m2,188.7
201712,Less than 100 m2,191.1
201803,Less than 100 m2,191.9
201806,Less than 100 m2,196.0
201809,Less than 100 m2,200.5
201812,Less than 100 m2,199.7
201903,Less than 100 m2,196.3
201906,Less than 100 m2,199.2
201909,Less than 100 m2,202.8
201912,Less than 100 m2,195.3
202003,Less than 100 m2,187.8
202006,Less than 100 m2,182.9
202009,Less than 100 m2,184.3
202012,Less than 100 m2,181.6
202103,Less than 100 m2,179.0
202106,Less than 100 m2,182.3
202109,Less than 100 m2,186.7
202112,Less than 100 m2,187.1
202203,Less than 100 m2,183.2
202206,Less than 100 m2,180.7
202209,Less than 100 m2,182.1
202212,Less than 100 m2,179.7
202303,Less than 100 m2,178.0
202306,Less than 100 m2,182.9
202309,Less than 100 m2,187.5
202312,Less than 100 m2,189.2
202403,Less than 100 m2,188.6
202406,Less than 100 m2,193.6
202409,Less than 100 m2,198.7
202412,Less than 100 m2,196.2
202503,Less than 100 m2,196.9
202506,Less than 100 m2,198.5
202509,Less than 100 m2,203.1
202512,Less than 100 m2,204.4
202603,Less than 100 m2,205.2
197912,100 m2 or above,
198003,100 m2 or above,
198006,100 m2 or above,
198009,100 m2 or above,
198012,100 m2 or above,
198103,100 m2 or above,
198106,100 m2 or above,
198109,100 m2 or above,
198112,100 m2 or above,
198203,100 m2 or above,
198206,100 m2 or above,
198209,100 m2 or above,
198212,100 m2 or above,
198303,100 m2 or above,
198306,100 m2 or above,
198309,100 m2 or above,
198312,100 m2 or above,
198403,100 m2 or above,
198406,100 m2 or above,
198409,100 m2 or above,
198412,100 m2 or above,
198503,100 m2 or above,
198506,100 m2 or above,
198509,100 m2 or above,
198512,100 m2 or above,
198603,100 m2 or above,
198606,100 m2 or above,
198609,100 m2 or above,
198612,100 m2 or above,
198703,100 m2 or above,
198706,100 m2 or above,
198709,100 m2 or above,
198712,100 m2 or above,
198803,100 m2 or above,
198806,100 m2 or above,
198809,100 m2 or above,
198812,100 m2 or above,
198903,100 m2 or above,
198906,100 m2 or above,
198909,100 m2 or above,
198912,100 m2 or above,
199003,100 m2 or above,
199006,100 m2 or above,
199009,100 m2 or above,
199012,100 m2 or above,
199103,100 m2 or above,68.7
199106,100 m2 or above,70.2
199109,100 m2 or above,72.3
199112,100 m2 or above,74.8
199203,100 m2 or above,76.7
199206,100 m2 or above,80.7
199209,100 m2 or above,83.8
199212,100 m2 or above,86.5
199303,100 m2 or above,88.3
199306,100 m2 or above,91.4
199309,100 m2 or above,96.1
199312,100 m2 or above,98.4
199403,100 m2 or above,104.2
199406,100 m2 or above,122.8
199409,100 m2 or above,137.0
199412,100 m2 or above,137.3
199503,100 m2 or above,135.3
199506,100 m2 or above,130.8
199509,100 m2 or above,126.3
199512,100 m2 or above,120.7
199603,100 m2 or above,119.0
199606,100 m2 or above,119.0
199609,100 m2 or above,122.9
199612,100 m2 or above,125.1
199703,100 m2 or above,131.1
199706,100 m2 or above,137.7
199709,100 m2 or above,143.8
199712,100 m2 or above,143.5
199803,100 m2 or above,131.3
199806,100 m2 or above,122.1
199809,100 m2 or above,110.4
199812,100 m2 or above,102.2
199903,100 m2 or above,101.8
199906,100 m2 or above,100.5
199909,100 m2 or above,99.5
199912,100 m2 or above,98.2
200003,100 m2 or above,99.0
200006,100 m2 or above,100.2
200009,100 m2 or above,101.9
200012,100 m2 or above,103.6
200103,100 m2 or above,104.0
200106,100 m2 or above,104.7
200109,100 m2 or above,103.9
200112,100 m2 or above,99.6
200203,100 m2 or above,96.3
200206,100 m2 or above,92.9
200209,100 m2 or above,90.5
200212,100 m2 or above,86.8
200303,100 m2 or above,83.2
200306,100 m2 or above,79.5
200309,100 m2 or above,76.2
200312,100 m2 or above,76.4
200403,100 m2 or above,79.7
200406,100 m2 or above,83.8
200409,100 m2 or above,87.0
200412,100 m2 or above,89.3
200503,100 m2 or above,91.8
200506,100 m2 or above,93.6
200509,100 m2 or above,98.9
200512,100 m2 or above,100.2
200603,100 m2 or above,100.7
200606,100 m2 or above,101.9
200609,100 m2 or above,103.5
200612,100 m2 or above,105.8
200703,100 m2 or above,110.1
200706,100 m2 or above,115.7
200709,100 m2 or above,121.0
200712,100 m2 or above,124.8
200803,100 m2 or above,133.5
200806,100 m2 or above,140.3
200809,100 m2 or above,143.7
200812,100 m2 or above,127.5
200903,100 m2 or above,107.2
200906,100 m2 or above,103.2
200909,100 m2 or above,109.2
200912,100 m2 or above,115.6
201003,100 m2 or above,119.1
201006,100 m2 or above,125.2
201009,100 m2 or above,129.0
201012,100 m2 or above,132.9
201103,100 m2 or above,134.4
201106,100 m2 or above,140.2
201109,100 m2 or above,142.3
201112,100 m2 or above,140.0
201203,100 m2 or above,137.6
201206,100 m2 or above,139.9
201209,100 m2 or above,142.8
201212,100 m2 or above,145.9
201303,100 m2 or above,143.9
201306,100 m2 or above,141.9
201309,100 m2 or above,142.6
201312,100 m2 or above,142.3
201403,100 m2 or above,141.0
201406,100 m2 or above,140.8
201409,100 m2 or above,142.3
201412,100 m2 or above,144.6
201503,100 m2 or above,146.8
201506,100 m2 or above,148.6
201509,100 m2 or above,150.9
201512,100 m2 or above,149.1
201603,100 m2 or above,146.0
201606,100 m2 or above,143.3
201609,100 m2 or above,144.7
201612,100 m2 or above,145.0
201703,100 m2 or above,146.8
201706,100 m2 or above,150.2
201709,100 m2 or above,152.1
201712,100 m2 or above,151.4
201803,100 m2 or above,152.1
201806,100 m2 or above,154.5
201809,100 m2 or above,158.3
201812,100 m2 or above,157.6
201903,100 m2 or above,156.7
201906,100 m2 or above,156.8
201909,100 m2 or above,157.2
201912,100 m2 or above,152.1
202003,100 m2 or above,148.0
202006,100 m2 or above,143.8
202009,100 m2 or above,142.5
202012,100 m2 or above,143.0
202103,100 m2 or above,140.7
202106,100 m2 or above,143.9
202109,100 m2 or above,144.3
202112,100 m2 or above,147.0
202203,100 m2 or above,147.2
202206,100 m2 or above,146.2
202209,100 m2 or above,141.9
202212,100 m2 or above,141.4
202303,100 m2 or above,140.2
202306,100 m2 or above,144.4
202309,100 m2 or above,145.7
202312,100 m2 or above,146.2
202403,100 m2 or above,144.8
202406,100 m2 or above,147.4
202409,100 m2 or above,149.6
202412,100 m2 or above,146.9
202503,100 m2 or above,147.0
202506,100 m2 or above,148.4
202509,100 m2 or above,150.3
202512,100 m2 or above,151.3
202603,100 m2 or above,154.3
197912,All Classes,
198003,All Classes,
198006,All Classes,
198009,All Classes,33.2
198012,All Classes,36.3
198103,All Classes,38.9
198106,All Classes,41.7
198109,All Classes,42.9
198112,All Classes,42.6
198203,All Classes,42.1
198206,All Classes,42.9
198209,All Classes,42.7
198212,All Classes,42.6
198303,All Classes,40.5
198306,All Classes,39.2
198309,All Classes,38.5
198312,All Classes,37.6
198403,All Classes,36.7
198406,All Classes,37.0
198409,All Classes,37.3
198412,All Classes,37.4
198503,All Classes,38.0
198506,All Classes,38.9
198509,All Classes,40.0
198512,All Classes,40.8
198603,All Classes,41.6
198606,All Classes,42.2
198609,All Classes,43.4
198612,All Classes,43.5
198703,All Classes,44.3
198706,All Classes,46.2
198709,All Classes,48.2
198712,All Classes,49.4
198803,All Classes,49.9
198806,All Classes,53.0
198809,All Classes,55.9
198812,All Classes,60.3
198903,All Classes,65.1
198906,All Classes,70.4
198909,All Classes,69.9
198912,All Classes,72.3
199003,All Classes,74.9
199006,All Classes,76.4
199009,All Classes,76.9
199012,All Classes,78.4
199103,All Classes,79.2
199106,All Classes,81.1
199109,All Classes,83.9
199112,All Classes,85.5
199203,All Classes,86.1
199206,All Classes,90.3
199209,All Classes,92.3
199212,All Classes,92.8
199303,All Classes,93.0
199306,All Classes,94.8
199309,All Classes,99.0
199312,All Classes,102.5
199403,All Classes,106.1
199406,All Classes,118.9
199409,All Classes,123.5
199412,All Classes,124.0
199503,All Classes,122.6
199506,All Classes,122.3
199509,All Classes,120.6
199512,All Classes,117.1
199603,All Classes,116.6
199606,All Classes,117.3
199609,All Classes,120.0
199612,All Classes,122.0
199703,All Classes,128.0
199706,All Classes,133.6
199709,All Classes,138.9
199712,All Classes,137.4
199803,All Classes,124.4
199806,All Classes,117.7
199809,All Classes,106.9
199812,All Classes,101.3
199903,All Classes,101.3
199906,All Classes,100.5
199909,All Classes,100.2
199912,All Classes,97.9
200003,All Classes,97.9
200006,All Classes,98.4
200009,All Classes,97.8
200012,All Classes,98.3
200103,All Classes,97.7
200106,All Classes,96.9
200109,All Classes,95.4
200112,All Classes,91.4
200203,All Classes,87.4
200206,All Classes,84.8
200209,All Classes,82.4
200212,All Classes,79.0
200303,All Classes,76.6
200306,All Classes,73.7
200309,All Classes,71.9
200312,All Classes,72.2
200403,All Classes,74.8
200406,All Classes,77.4
200409,All Classes,78.6
200412,All Classes,80.2
200503,All Classes,82.5
200506,All Classes,85.5
200509,All Classes,88.3
200512,All Classes,89.9
200603,All Classes,89.3
200606,All Classes,90.9
200609,All Classes,92.2
200612,All Classes,94.2
200703,All Classes,96.0
200706,All Classes,99.6
200709,All Classes,103.7
200712,All Classes,108.1
200803,All Classes,115.4
200806,All Classes,120.2
200809,All Classes,120.5
200812,All Classes,106.6
200903,All Classes,94.3
200906,All Classes,96.1
200909,All Classes,102.3
200912,All Classes,108.8
201003,All Classes,112.0
201006,All Classes,117.8
201009,All Classes,121.9
201012,All Classes,127.0
201103,All Classes,128.0
201106,All Classes,133.8
201109,All Classes,137.4
201112,All Classes,136.8
201203,All Classes,133.6
201206,All Classes,139.7
201209,All Classes,146.2
201212,All Classes,150.7
201303,All Classes,151.7
201306,All Classes,153.5
201309,All Classes,155.8
201312,All Classes,156.8
201403,All Classes,155.3
201406,All Classes,156.6
201409,All Classes,160.9
201412,All Classes,165.3
201503,All Classes,168.5
201506,All Classes,172.8
201509,All Classes,176.6
201512,All Classes,173.5
201603,All Classes,165.4
201606,All Classes,164.8
201609,All Classes,169.8
201612,All Classes,172.8
201703,All Classes,176.8
201706,All Classes,181.5
201709,All Classes,185.1
201712,All Classes,187.1
201803,All Classes,187.9
201806,All Classes,191.9
201809,All Classes,196.3
201812,All Classes,195.6
201903,All Classes,192.4
201906,All Classes,195.3
201909,All Classes,198.6
201912,All Classes,191.3
202003,All Classes,184.1
202006,All Classes,179.2
202009,All Classes,180.2
202012,All Classes,177.8
202103,All Classes,175.1
202106,All Classes,178.4
202109,All Classes,182.4
202112,All Classes,183.3
202203,All Classes,179.9
202206,All Classes,177.7
202209,All Classes,178.8
202212,All Classes,176.6
202303,All Classes,175.0
202306,All Classes,179.8
202309,All Classes,184.0
202312,All Classes,185.6
202403,All Classes,184.9
202406,All Classes,189.8
202409,All Classes,194.7
202412,All Classes,192.4
202503,All Classes,193.0
202506,All Classes,194.7
202509,All Classes,199.0
202512,All Classes,200.3
202603,All Classes,201.3
