Date,HIBOR Rate
2026-06-30,2.93976
2026-06-29,2.94839
2026-06-26,2.95929
2026-06-25,2.96113
2026-06-24,2.9775
2026-06-23,2.96018
2026-06-22,2.94381
2026-06-18,2.94452
2026-06-17,2.95905
2026-06-16,2.85143
2026-06-15,2.74857
2026-06-12,2.7
2026-06-11,2.66208
2026-06-10,2.67964
2026-06-09,2.73435
2026-06-08,2.73673
2026-06-05,2.71518
2026-06-04,2.6403
2026-06-03,2.6
2026-06-02,2.58387
2026-06-01,2.57155
2026-05-29,2.60923
2026-05-28,2.65143
2026-05-27,2.6
2026-05-26,2.57298
2026-05-22,2.6
2026-05-21,2.59268
2026-05-20,2.57262
2026-05-19,2.6
2026-05-18,2.62619
2026-05-15,2.63881
2026-05-14,2.65518
2026-05-13,2.7
2026-05-12,2.7
2026-05-11,2.68387
2026-05-08,2.61613
2026-05-07,2.5147
2026-05-06,2.47845
2026-05-05,2.48887
2026-05-04,2.4431
2026-04-30,2.44238
2026-04-29,2.43387
2026-04-28,2.43667
2026-04-27,2.45732
2026-04-24,2.48815
2026-04-23,2.48577
2026-04-22,2.47631
2026-04-21,2.44286
2026-04-20,2.43577
2026-04-17,2.55143
2026-04-16,2.34571
2026-04-15,2.29649
2026-04-14,2.30976
2026-04-13,2.23244
2026-04-10,2.24024
2026-04-09,2.32321
2026-04-08,2.07798
2026-04-02,1.98601
2026-04-01,1.97655
2026-03-31,2.23506
2026-03-30,2.28292
2026-03-27,2.44786
2026-03-26,2.41316
2026-03-25,2.12548
2026-03-24,1.95
2026-03-23,1.95107
2026-03-20,2.02375
2026-03-19,2.05446
2026-03-18,2.07298
2026-03-17,2.08173
2026-03-16,2.05637
2026-03-13,2.07583
2026-03-12,2.02982
2026-03-11,2.02982
2026-03-10,2.02083
2026-03-09,2.04524
2026-03-06,2.19613
2026-03-05,2.31179
2026-03-04,2.41399
2026-03-03,2.30446
2026-03-02,2.35518
2026-02-27,2.41321
2026-02-26,2.4322
2026-02-25,2.35375
2026-02-24,2.34238
2026-02-23,2.43952
2026-02-20,2.47673
2026-02-16,2.45792
2026-02-13,2.51464
2026-02-12,2.5
2026-02-11,2.48268
2026-02-10,2.50446
2026-02-09,2.55
2026-02-06,2.58815
2026-02-05,2.59452
2026-02-04,2.49435
2026-02-03,2.51994
2026-02-02,2.53363
2026-01-30,2.61357
2026-01-29,2.65
2026-01-28,2.66321
2026-01-27,2.74571
2026-01-26,2.78167
2026-01-23,2.79292
2026-01-22,2.80405
2026-01-21,2.72893
2026-01-20,2.75923
2026-01-19,2.77673
2026-01-16,2.84095
2026-01-15,2.84857
2026-01-14,2.64786
2026-01-13,2.69
2026-01-12,2.83881
2026-01-09,2.86369
2026-01-08,3.00798
2026-01-07,2.95518
2026-01-06,2.97869
2026-01-05,2.67226
2026-01-02,2.6225
2025-12-31,3.07548
2025-12-30,3.21107
2025-12-29,3.3506
2025-12-24,3.28911
2025-12-23,3.10637
2025-12-22,3.1175
2025-12-19,3.16798
2025-12-18,3.18363
2025-12-17,3.25381
2025-12-16,3.12756
2025-12-15,2.97554
2025-12-12,3.03952
2025-12-11,3.13387
2025-12-10,3.11435
2025-12-09,3.13316
2025-12-08,3.09571
2025-12-05,3.07512
2025-12-04,3.03482
2025-12-03,2.88458
2025-12-02,2.80232
2025-12-01,2.93488
2025-11-28,3.18286
2025-11-27,3.2428
2025-11-26,2.97768
2025-11-25,2.81369
2025-11-24,2.6256
2025-11-21,2.495
2025-11-20,2.41036
2025-11-19,2.28369
2025-11-18,2.87762
2025-11-17,3.00429
2025-11-14,3.06351
2025-11-13,3.09756
2025-11-12,3.11661
2025-11-11,3.01982
2025-11-10,3.02268
2025-11-07,3.04637
2025-11-06,3.11845
2025-11-05,3.16131
2025-11-04,3.315
2025-11-03,3.38173
2025-10-31,3.42911
2025-10-30,3.41536
2025-10-28,3.43738
2025-10-27,3.5
2025-10-24,3.47292
2025-10-23,3.54095
2025-10-22,3.53185
2025-10-21,3.66411
2025-10-20,3.57857
2025-10-17,3.53167
2025-10-16,3.46494
2025-10-15,3.42417
2025-10-14,3.50423
2025-10-13,3.44024
2025-10-10,3.48435
2025-10-09,3.52036
2025-10-08,3.55417
2025-10-06,3.58667
2025-10-03,3.51464
2025-10-02,3.49685
2025-09-30,3.53762
2025-09-29,3.59804
2025-09-26,3.60661
2025-09-25,3.62202
2025-09-23,3.91107
2025-09-22,3.6131
2025-09-19,3.41607
2025-09-18,3.36089
2025-09-17,3.21107
2025-09-16,3.2175
2025-09-15,3.19036
2025-09-12,3.16196
2025-09-11,3.0372
2025-09-10,3.08625
2025-09-09,3.04369
2025-09-05,3.00018
2025-09-04,2.96702
2025-09-03,2.84964
2025-09-02,3.14816
2025-09-01,3.15345
2025-08-29,3.29655
2025-08-28,3.30649
2025-08-27,3.2331
2025-08-26,2.81464
2025-08-25,2.7272
2025-08-22,2.7706
2025-08-21,2.84191
2025-08-20,2.85774
2025-08-19,2.57417
2025-08-18,2.01393
2025-08-15,1.45095
2025-08-14,1.04524
2025-08-13,0.91036
2025-08-12,0.90893
2025-08-11,0.95202
2025-08-08,0.95893
2025-08-07,0.96494
2025-08-06,0.87774
2025-08-04,0.93762
2025-08-01,0.9931
2025-07-31,1.03363
2025-07-30,1.03244
2025-07-29,1.02143
2025-07-28,1.02321
2025-07-25,0.91679
2025-07-24,0.89857
2025-07-23,0.93817
2025-07-22,0.92958
2025-07-21,0.91036
2025-07-18,1.07321
2025-07-17,1.17726
2025-07-16,1.17482
2025-07-15,1.13905
2025-07-14,1.14857
2025-07-11,1.08191
2025-07-10,1.03304
2025-07-09,1.10143
2025-07-08,1.07488
2025-07-07,1.05446
2025-07-04,0.85875
2025-07-03,0.7125
2025-07-02,0.72958
2025-06-30,0.72744
2025-06-27,0.83036
2025-06-26,0.96554
2025-06-25,0.90964
2025-06-24,0.74714
2025-06-23,0.68363
2025-06-20,0.52845
2025-06-19,0.53506
2025-06-18,0.5403
2025-06-17,0.52452
2025-06-16,0.53952
2025-06-13,0.5981
2025-06-12,0.63185
2025-06-11,0.62119
2025-06-10,0.54524
2025-06-09,0.55982
2025-06-06,0.63952
2025-06-05,0.7
2025-06-04,0.76952
2025-06-03,0.87423
2025-06-02,0.88893
2025-05-30,0.58762
2025-05-29,0.58857
2025-05-28,0.59589
2025-05-27,0.60119
2025-05-26,0.56917
2025-05-23,0.58964
2025-05-22,0.66613
2025-05-21,0.7578
2025-05-20,0.96036
2025-05-19,1.19048
2025-05-16,1.29798
2025-05-15,1.35083
2025-05-14,1.32976
2025-05-13,1.56595
2025-05-12,1.92321
2025-05-09,1.93655
2025-05-08,2.09452
2025-05-07,3.08
2025-05-06,3.65506
2025-05-02,3.98363
2025-04-30,3.95333
2025-04-29,4.06851
2025-04-28,4.0131
2025-04-25,3.82994
2025-04-24,3.76208
2025-04-23,3.7
2025-04-22,3.60101
2025-04-17,3.58212
2025-04-16,3.58381
2025-04-15,3.6128
2025-04-14,3.65119
2025-04-11,3.52917
2025-04-10,3.51137
2025-04-09,3.5
2025-04-08,3.51179
2025-04-07,3.45554
2025-04-03,3.43667
2025-04-02,3.4872
2025-04-01,3.6256
2025-03-31,3.7275
2025-03-28,3.73661
2025-03-27,3.77441
2025-03-26,3.8
2025-03-25,3.8
2025-03-24,3.8122
2025-03-21,3.82988
2025-03-20,3.8128
2025-03-19,3.8
2025-03-18,3.78315
2025-03-17,3.75143
2025-03-14,3.75143
2025-03-13,3.8
2025-03-12,3.83792
2025-03-11,3.9128
2025-03-10,3.8
2025-03-07,3.79714
2025-03-06,3.84149
2025-03-05,3.85518
2025-03-04,3.87155
2025-03-03,3.87226
2025-02-28,3.96018
2025-02-27,3.98155
2025-02-26,3.99714
2025-02-25,3.93827
2025-02-24,4.06018
2025-02-21,4.05946
2025-02-20,4.05833
2025-02-19,4.06625
2025-02-18,3.94964
2025-02-17,3.87726
2025-02-14,3.67298
2025-02-13,3.64452
2025-02-12,3.62101
2025-02-11,3.7469
2025-02-10,3.77458
2025-02-07,3.79458
2025-02-06,3.77613
2025-02-05,3.68387
2025-02-04,3.7
2025-02-03,3.73589
2025-01-28,3.82917
2025-01-27,3.84333
2025-01-24,3.80571
2025-01-23,3.78387
2025-01-22,3.88244
2025-01-21,3.9
2025-01-20,3.9128
2025-01-17,3.90994
2025-01-16,3.9153
2025-01-15,3.93268
2025-01-14,3.99
2025-01-13,4.05393
2025-01-10,4.09429
2025-01-09,4.15518
2025-01-08,4.17274
2025-01-07,4.17488
2025-01-06,4.13649
2025-01-03,4.15
2025-01-02,4.18292
2024-12-31,4.57941
2024-12-30,4.59286
2024-12-27,4.58435
2024-12-24,4.53952
2024-12-23,4.53149
2024-12-20,4.53006
2024-12-19,4.52982
2024-12-18,4.48357
2024-12-17,4.47345
2024-12-16,4.47274
2024-12-13,4.47238
2024-12-12,4.48125
2024-12-11,4.44881
2024-12-10,4.3953
2024-12-09,4.32738
2024-12-06,4.31042
2024-12-05,4.37274
2024-12-04,4.4
2024-12-03,4.38131
2024-12-02,4.35929
2024-11-29,4.30893
2024-11-28,4.28935
2024-11-27,4.18565
2024-11-26,4.165
2024-11-25,4.13077
2024-11-22,4.13149
2024-11-21,4.13149
2024-11-20,4.13077
2024-11-19,4.1322
2024-11-18,4.12524
2024-11-15,4.14119
2024-11-14,4.13911
2024-11-13,4.12536
2024-11-12,4.13131
2024-11-11,4.14048
2024-11-08,4.10994
2024-11-07,4.02911
2024-11-06,4.02631
2024-11-05,4.05214
2024-11-04,4.0847
2024-11-01,4.21566
2024-10-31,4.24119
2024-10-30,4.2256
2024-10-29,4.21137
2024-10-28,4.20833
2024-10-25,4.2403
2024-10-24,4.2403
2024-10-23,4.24018
2024-10-22,4.2853
2024-10-21,4.31494
2024-10-18,4.29607
2024-10-17,4.32952
2024-10-16,4.36798
2024-10-15,4.4225
2024-10-14,4.37155
2024-10-10,4.41524
2024-10-09,4.42393
2024-10-08,4.61423
2024-10-07,4.5
2024-10-04,4.5
2024-10-03,4.48363
2024-10-02,4.34476
2024-09-30,4.32101
2024-09-27,4.18752
2024-09-26,4.07566
2024-09-25,4.04845
2024-09-24,4.02179
2024-09-23,3.73935
2024-09-20,3.64548
2024-09-19,3.61441
2024-09-17,3.7
2024-09-16,3.7128
2024-09-13,3.7231
2024-09-12,3.81423
2024-09-11,3.88643
2024-09-10,3.89893
2024-09-09,3.88857
2024-09-05,3.88607
2024-09-04,3.88857
2024-09-03,3.89929
2024-09-02,3.93905
2024-08-30,3.93095
2024-08-29,3.92661
2024-08-28,3.9078
2024-08-27,3.92298
2024-08-26,3.97345
2024-08-23,3.9853
2024-08-22,3.99714
2024-08-21,4.05423
2024-08-20,4.07452
2024-08-19,4.08458
2024-08-16,4.1
2024-08-15,4.10369
2024-08-14,4.07833
2024-08-13,4.05
2024-08-12,4.05196
2024-08-09,4.0356
2024-08-08,4.07417
2024-08-07,4.13381
2024-08-06,4.23756
2024-08-05,4.3
2024-08-02,4.33381
2024-08-01,4.43649
2024-07-31,4.51637
2024-07-30,4.54077
2024-07-29,4.5853
2024-07-26,4.6175
2024-07-25,4.6175
2024-07-24,4.61821
2024-07-23,4.63899
2024-07-22,4.63345
2024-07-19,4.65149
2024-07-18,4.68363
2024-07-17,4.67381
2024-07-16,4.63274
2024-07-15,4.6
2024-07-12,4.6
2024-07-11,4.58577
2024-07-10,4.6
2024-07-09,4.59494
2024-07-08,4.5472
2024-07-05,4.51208
2024-07-04,4.5128
2024-07-03,4.51423
2024-07-02,4.55946
2024-06-28,4.61024
2024-06-27,4.65821
2024-06-26,4.7
2024-06-25,4.70839
2024-06-24,4.63506
2024-06-21,4.5931
2024-06-20,4.57792
2024-06-19,4.52881
2024-06-18,4.52768
2024-06-17,4.52155
2024-06-14,4.50881
2024-06-13,4.50952
2024-06-12,4.50982
2024-06-11,4.50982
2024-06-07,4.51054
2024-06-06,4.50071
2024-06-05,4.47274
2024-06-04,4.48315
2024-06-03,4.5
2024-05-31,4.47411
2024-05-30,4.47923
2024-05-29,4.49816
2024-05-28,4.50726
2024-05-27,4.49125
2024-05-24,4.49089
2024-05-23,4.49006
2024-05-22,4.49089
2024-05-21,4.44155
2024-05-20,4.32006
2024-05-17,4.24351
2024-05-16,4.19982
2024-05-14,4.18816
2024-05-13,4.14935
2024-05-10,4.16071
2024-05-09,4.16
2024-05-08,4.14054
2024-05-07,4.19929
2024-05-06,4.33
2024-05-03,4.39089
2024-05-02,4.34095
2024-04-30,4.29982
2024-04-29,4.26316
2024-04-26,4.13554
2024-04-25,4.00893
2024-04-24,3.96542
2024-04-23,4.01637
2024-04-22,4.10929
2024-04-19,4.16702
2024-04-18,4.25321
2024-04-17,4.28714
2024-04-16,4.28905
2024-04-15,4.28643
2024-04-12,4.28607
2024-04-11,4.30964
2024-04-10,4.3775
2024-04-09,4.42851
2024-04-08,4.44929
2024-04-05,4.46185
2024-04-03,4.5081
2024-04-02,4.61214
2024-03-28,4.80143
2024-03-27,4.8228
2024-03-26,4.86452
2024-03-25,4.8347
2024-03-22,4.74494
2024-03-21,4.68774
2024-03-20,4.6
2024-03-19,4.57333
2024-03-18,4.51351
2024-03-15,4.5128
2024-03-14,4.51316
2024-03-13,4.51066
2024-03-12,4.5128
2024-03-11,4.51923
2024-03-08,4.53202
2024-03-07,4.525
2024-03-06,4.5
2024-03-05,4.5
2024-03-04,4.46917
2024-03-01,4.46917
2024-02-29,4.48494
2024-02-28,4.4706
2024-02-27,4.47214
2024-02-26,4.48988
2024-02-23,4.52208
2024-02-22,4.55048
2024-02-21,4.55863
2024-02-20,4.54226
2024-02-19,4.57173
2024-02-16,4.57173
2024-02-15,4.58196
2024-02-14,4.54441
2024-02-09,4.5381
2024-02-08,4.52435
2024-02-07,4.52875
2024-02-06,4.50393
2024-02-05,4.51262
2024-02-02,4.54929
2024-02-01,4.5647
2024-01-31,4.58964
2024-01-30,4.60952
2024-01-29,4.60042
2024-01-26,4.55911
2024-01-25,4.5875
2024-01-24,4.6475
2024-01-23,4.75363
2024-01-22,4.74708
2024-01-19,4.74851
2024-01-18,4.7281
2024-01-17,4.73119
2024-01-16,4.74048
2024-01-15,4.76161
2024-01-12,4.76958
2024-01-11,4.79131
2024-01-10,4.84625
2024-01-09,4.90583
2024-01-08,4.89357
2024-01-05,4.87071
2024-01-04,4.89119
2024-01-03,4.88048
2024-01-02,4.98536
2023-12-29,5.2681
2023-12-28,5.47054
2023-12-27,5.57911
2023-12-22,5.62762
2023-12-21,5.62333
2023-12-20,5.65232
2023-12-19,5.62196
2023-12-18,5.46054
2023-12-15,5.39696
2023-12-14,5.40857
2023-12-13,5.41066
2023-12-12,5.41714
2023-12-11,5.4306
2023-12-08,5.46345
2023-12-07,5.47446
2023-12-06,5.42316
2023-12-05,5.47583
2023-12-04,5.53179
2023-12-01,5.5325
2023-11-30,5.51673
2023-11-29,5.65946
2023-11-28,5.59012
2023-11-27,5.53411
2023-11-24,5.37941
2023-11-23,5.36726
2023-11-22,5.3472
2023-11-21,5.29786
2023-11-20,5.21351
2023-11-17,5.03506
2023-11-16,4.97345
2023-11-15,4.97441
2023-11-14,4.96988
2023-11-13,4.96304
2023-11-10,4.98202
2023-11-09,4.92946
2023-11-08,4.9
2023-11-07,4.83792
2023-11-06,4.86887
2023-11-03,4.85214
2023-11-02,4.8828
2023-11-01,4.8756
2023-10-31,4.9047
2023-10-30,4.96518
2023-10-27,4.94929
2023-10-26,4.94929
2023-10-25,4.94821
2023-10-24,4.96518
2023-10-20,4.90768
2023-10-19,4.8653
2023-10-18,4.96161
2023-10-17,5.0172
2023-10-16,4.93542
2023-10-13,4.89119
2023-10-12,4.92304
2023-10-11,4.95679
2023-10-10,4.92905
2023-10-09,4.94161
2023-10-06,4.9381
2023-10-05,4.93131
2023-10-04,4.92595
2023-10-03,5.06375
2023-09-29,5.39661
2023-09-28,5.39887
2023-09-27,5.36232
2023-09-26,5.36298
2023-09-25,5.29161
2023-09-22,5.23494
2023-09-21,5.23607
2023-09-20,5.24649
2023-09-19,5.25732
2023-09-18,5.09123
2023-09-15,5.00185
2023-09-14,4.97988
2023-09-13,4.96839
2023-09-12,4.61935
2023-09-11,4.29048
2023-09-07,4.23298
2023-09-06,4.1656
2023-09-05,4.03036
2023-09-04,3.68577
2023-08-31,3.71691
2023-08-30,3.76191
2023-08-29,3.7547
2023-08-28,3.81595
2023-08-25,3.9997
2023-08-24,4.23714
2023-08-23,4.35345
2023-08-22,4.38077
2023-08-21,4.52036
2023-08-18,4.63
2023-08-17,4.63083
2023-08-16,4.71089
2023-08-15,4.76232
2023-08-14,4.7628
2023-08-11,4.72161
2023-08-10,4.76256
2023-08-09,4.90905
2023-08-08,5.20768
2023-08-07,5.19744
2023-08-04,5.25958
2023-08-03,5.36054
2023-08-02,5.42988
2023-08-01,5.31095
2023-07-31,5.28744
2023-07-28,5.27119
2023-07-27,5.24988
2023-07-26,5.12827
2023-07-25,5.06399
2023-07-24,5.14107
2023-07-21,5.19143
2023-07-20,5.20911
2023-07-19,5.09762
2023-07-18,5.02845
2023-07-14,4.95887
2023-07-13,4.9394
2023-07-12,4.96702
2023-07-11,4.9653
2023-07-10,5.00446
2023-07-07,5.05935
2023-07-06,5.04405
2023-07-05,4.96679
2023-07-04,4.92881
2023-07-03,4.93167
2023-06-30,4.93405
2023-06-29,4.9375
2023-06-28,4.94589
2023-06-27,4.97524
2023-06-26,5.04649
2023-06-23,5.05661
2023-06-21,5.08101
2023-06-20,5.10405
2023-06-19,5.02821
2023-06-16,4.96774
2023-06-15,4.74964
2023-06-14,4.5869
2023-06-13,4.53613
2023-06-12,4.49143
2023-06-09,4.45821
2023-06-08,4.3325
2023-06-07,4.2
2023-06-06,4.17982
2023-06-05,4.30542
2023-06-02,4.52012
2023-06-01,4.50726
2023-05-31,4.50893
2023-05-30,4.50381
2023-05-29,4.45298
2023-05-25,4.38863
2023-05-24,4.37917
2023-05-23,4.63685
2023-05-22,4.77506
2023-05-19,4.69333
2023-05-18,4.57238
2023-05-17,4.45816
2023-05-16,4.31667
2023-05-15,4.17131
2023-05-12,4.3425
2023-05-11,4.52952
2023-05-10,4.15762
2023-05-09,3.77262
2023-05-08,3.74857
2023-05-05,3.66429
2023-05-04,3.62857
2023-05-03,3.55333
2023-05-02,3.41071
2023-04-28,3.30512
2023-04-27,3.29077
2023-04-26,3.28405
2023-04-25,3.23375
2023-04-24,3.14042
2023-04-21,3.07381
2023-04-20,2.96089
2023-04-19,2.86619
2023-04-18,2.81494
2023-04-17,2.81816
2023-04-14,2.81298
2023-04-13,2.81905
2023-04-12,2.7906
2023-04-11,2.8522
2023-04-06,2.90042
2023-04-04,3.00316
2023-04-03,3.0953
2023-03-31,3.14119
2023-03-30,3.18202
2023-03-29,3.17494
2023-03-28,3.19673
2023-03-27,3.26054
2023-03-24,3.29071
2023-03-23,3.35357
2023-03-22,3.36887
2023-03-21,3.4981
2023-03-20,2.98988
2023-03-17,3.00917
2023-03-16,3.06732
2023-03-15,3.17696
2023-03-14,3.39786
2023-03-13,3.49958
2023-03-10,3.45476
2023-03-09,3.30667
2023-03-08,3.2472
2023-03-07,3.09744
2023-03-06,3.06589
2023-03-03,3.05536
2023-03-02,3.0372
2023-03-01,3.04119
2023-02-28,3.03167
2023-02-27,2.96708
2023-02-24,2.92327
2023-02-23,2.90298
2023-02-22,2.83024
2023-02-21,2.88292
2023-02-20,2.60911
2023-02-17,2.34262
2023-02-16,2.18161
2023-02-15,2.1422
2023-02-14,2.12095
2023-02-13,2.21363
2023-02-10,2.24274
2023-02-09,2.31821
2023-02-08,2.40595
2023-02-07,2.45571
2023-02-06,2.47083
2023-02-03,2.40679
2023-02-02,2.53369
2023-02-01,2.65667
2023-01-31,2.70571
2023-01-30,2.77149
2023-01-27,2.9397
2023-01-26,2.94345
2023-01-20,2.95488
2023-01-19,3.02345
2023-01-18,3.1778
2023-01-17,3.20696
2023-01-16,3.19946
2023-01-13,3.18018
2023-01-12,3.18196
2023-01-11,3.35863
2023-01-10,3.52333
2023-01-09,3.53905
2023-01-06,3.52316
2023-01-05,3.57744
2023-01-04,3.86405
2023-01-03,4.21054
2022-12-30,4.34643
2022-12-29,4.37554
2022-12-28,4.41875
2022-12-23,4.46268
2022-12-22,4.50381
2022-12-21,4.64827
2022-12-20,4.71798
2022-12-19,4.75143
2022-12-16,4.80577
2022-12-15,4.84714
2022-12-14,4.9672
2022-12-13,4.9381
2022-12-12,4.88756
2022-12-09,4.88792
2022-12-08,4.99077
2022-12-07,5.01982
2022-12-06,5.08208
2022-12-05,5.00566
2022-12-02,4.91601
2022-12-01,4.83881
2022-11-30,4.43833
2022-11-29,4.38458
2022-11-28,4.12946
2022-11-25,4.10958
2022-11-24,4.05024
2022-11-23,3.97024
2022-11-22,3.8897
2022-11-21,3.64506
2022-11-18,3.59185
2022-11-17,3.57083
2022-11-16,3.29714
2022-11-15,3.07452
2022-11-14,3.02512
2022-11-11,3.00583
2022-11-10,3.04315
2022-11-09,3.06524
2022-11-08,3.15321
2022-11-07,3.19155
2022-11-04,3.19196
2022-11-03,3.20714
2022-11-02,3.20845
2022-11-01,3.20893
2022-10-31,3.17339
2022-10-28,3.11726
2022-10-27,3.08125
2022-10-26,3.0806
2022-10-25,3.06566
2022-10-24,3.01685
2022-10-21,2.95643
2022-10-20,2.84792
2022-10-19,2.73214
2022-10-18,2.63316
2022-10-17,2.56619
2022-10-14,2.51613
2022-10-13,2.47125
2022-10-12,2.42988
2022-10-11,2.3981
2022-10-10,2.42048
2022-10-07,2.44637
2022-10-06,2.48363
2022-10-05,2.51964
2022-10-03,2.5822
2022-09-30,2.61607
2022-09-29,2.62768
2022-09-28,2.60881
2022-09-27,2.60988
2022-09-26,2.6106
2022-09-23,2.60952
2022-09-22,2.60583
2022-09-21,2.59488
2022-09-20,2.54685
2022-09-19,2.44625
2022-09-16,2.35982
2022-09-15,2.17661
2022-09-14,2.09071
2022-09-13,2.06494
2022-09-09,2.00816
2022-09-08,1.94691
2022-09-07,1.91024
2022-09-06,1.92946
2022-09-05,1.91036
2022-09-02,1.88024
2022-09-01,1.88887
2022-08-31,1.86542
2022-08-30,1.8406
2022-08-29,1.82208
2022-08-26,1.80911
2022-08-25,1.80982
2022-08-24,1.80327
2022-08-23,1.78137
2022-08-22,1.79774
2022-08-19,1.85232
2022-08-18,1.9
2022-08-17,1.90143
2022-08-16,1.87446
2022-08-15,1.71815
2022-08-12,1.68375
2022-08-11,1.63756
2022-08-10,1.56691
2022-08-09,1.54554
2022-08-08,1.50804
2022-08-05,1.46149
2022-08-04,1.43458
2022-08-03,1.30512
2022-08-02,1.28786
2022-08-01,1.31964
2022-07-29,1.3306
2022-07-28,1.38435
2022-07-27,1.30941
2022-07-26,1.19185
2022-07-25,1.06214
2022-07-22,1.01143
2022-07-21,0.94506
2022-07-20,0.92125
2022-07-19,0.86101
2022-07-18,0.78542
2022-07-15,0.75464
2022-07-14,0.74905
2022-07-13,0.71679
2022-07-12,0.72887
2022-07-11,0.73
2022-07-08,0.74196
2022-07-07,0.78375
2022-07-06,0.82946
2022-07-05,0.78851
2022-07-04,0.84839
2022-06-30,0.87101
2022-06-29,0.88375
2022-06-28,0.89345
2022-06-27,0.90321
2022-06-24,0.87506
2022-06-23,0.82399
2022-06-22,0.70625
2022-06-21,0.64816
2022-06-20,0.60911
2022-06-17,0.60119
2022-06-16,0.58435
2022-06-15,0.52411
2022-06-14,0.38232
2022-06-13,0.30917
2022-06-10,0.26911
2022-06-09,0.26768
2022-06-08,0.25982
2022-06-07,0.2481
2022-06-06,0.23685
2022-06-02,0.23952
2022-06-01,0.22857
2022-05-31,0.19542
2022-05-30,0.19417
2022-05-27,0.1881
2022-05-26,0.18952
2022-05-25,0.1872
2022-05-24,0.18304
2022-05-23,0.18375
2022-05-20,0.1875
2022-05-19,0.18607
2022-05-18,0.17935
2022-05-17,0.18863
2022-05-16,0.19173
2022-05-13,0.17958
2022-05-12,0.17976
2022-05-11,0.17905
2022-05-10,0.18375
2022-05-06,0.1772
2022-05-05,0.18708
2022-05-04,0.19018
2022-05-03,0.19899
2022-04-29,0.20619
2022-04-28,0.20798
2022-04-27,0.21208
2022-04-26,0.20696
2022-04-25,0.20298
2022-04-22,0.18881
2022-04-21,0.18839
2022-04-20,0.18768
2022-04-19,0.19893
2022-04-14,0.18726
2022-04-13,0.18655
2022-04-12,0.18538
2022-04-11,0.18839
2022-04-08,0.18464
2022-04-07,0.18845
2022-04-06,0.19615
2022-04-04,0.20589
2022-04-01,0.23899
2022-03-31,0.3081
2022-03-30,0.3128
2022-03-29,0.31208
2022-03-28,0.3128
2022-03-25,0.32333
2022-03-24,0.31893
2022-03-23,0.29679
2022-03-22,0.28696
2022-03-21,0.2897
2022-03-18,0.29214
2022-03-17,0.2847
2022-03-16,0.26536
2022-03-15,0.27339
2022-03-14,0.26393
2022-03-11,0.25345
2022-03-10,0.25345
2022-03-09,0.25327
2022-03-08,0.24179
2022-03-07,0.23607
2022-03-04,0.23244
2022-03-03,0.22679
2022-03-02,0.22994
2022-03-01,0.22304
2022-02-28,0.20071
2022-02-25,0.18399
2022-02-24,0.16893
2022-02-23,0.15768
2022-02-22,0.15256
2022-02-21,0.15399
2022-02-18,0.15042
2022-02-17,0.14006
2022-02-16,0.14488
2022-02-15,0.15113
2022-02-14,0.15691
2022-02-11,0.16488
2022-02-10,0.18
2022-02-09,0.19054
2022-02-08,0.1956
2022-02-07,0.19601
2022-02-04,0.19679
2022-01-31,0.19821
2022-01-28,0.19607
2022-01-27,0.19768
2022-01-26,0.18214
2022-01-25,0.165
2022-01-24,0.16458
2022-01-21,0.1606
2022-01-20,0.15542
2022-01-19,0.155
2022-01-18,0.15083
2022-01-17,0.15012
2022-01-14,0.14714
2022-01-13,0.13464
2022-01-12,0.13542
2022-01-11,0.13762
2022-01-10,0.12821
2022-01-07,0.12976
2022-01-06,0.13512
2022-01-05,0.13655
2022-01-04,0.14298
2022-01-03,0.14929
2021-12-31,0.15911
2021-12-30,0.19298
2021-12-29,0.19506
2021-12-28,0.19369
2021-12-24,0.1947
2021-12-23,0.19435
2021-12-22,0.19506
2021-12-21,0.1947
2021-12-20,0.19369
2021-12-17,0.19441
2021-12-16,0.19923
2021-12-15,0.20458
2021-12-14,0.20518
2021-12-13,0.20625
2021-12-10,0.20827
2021-12-09,0.20488
2021-12-08,0.20631
2021-12-07,0.21137
2021-12-06,0.20054
2021-12-03,0.19274
2021-12-02,0.18107
2021-12-01,0.16244
2021-11-30,0.10196
2021-11-29,0.10143
2021-11-26,0.09375
2021-11-25,0.09482
2021-11-24,0.09768
2021-11-23,0.09741
2021-11-22,0.09696
2021-11-19,0.09661
2021-11-18,0.08714
2021-11-17,0.08054
2021-11-16,0.07125
2021-11-15,0.07054
2021-11-12,0.07424
2021-11-11,0.07054
2021-11-10,0.06982
2021-11-09,0.06857
2021-11-08,0.06714
2021-11-05,0.06446
2021-11-04,0.06786
2021-11-03,0.06482
2021-11-02,0.06786
2021-11-01,0.06714
2021-10-29,0.06786
2021-10-28,0.06786
2021-10-27,0.06714
2021-10-26,0.06703
2021-10-25,0.06679
2021-10-22,0.06482
2021-10-21,0.06339
2021-10-20,0.06643
2021-10-19,0.06482
2021-10-18,0.06411
2021-10-15,0.06437
2021-10-12,0.06374
2021-10-11,0.06299
2021-10-08,0.06344
2021-10-07,0.06238
2021-10-06,0.06217
2021-10-05,0.0618
2021-10-04,0.06411
2021-09-30,0.06339
2021-09-29,0.06411
2021-09-28,0.06339
2021-09-27,0.06411
2021-09-24,0.06161
2021-09-23,0.06196
2021-09-21,0.06411
2021-09-20,0.06482
2021-09-17,0.06339
2021-09-16,0.06232
2021-09-15,0.06339
2021-09-14,0.06411
2021-09-13,0.06482
2021-09-10,0.06411
2021-09-09,0.06792
2021-09-08,0.06863
2021-09-07,0.06839
2021-09-06,0.06607
2021-09-03,0.06607
2021-09-02,0.06821
2021-09-01,0.06607
2021-08-31,0.06482
2021-08-30,0.06625
2021-08-27,0.06339
2021-08-26,0.06268
2021-08-25,0.06554
2021-08-24,0.06982
2021-08-23,0.06911
2021-08-20,0.07268
2021-08-19,0.07464
2021-08-18,0.07804
2021-08-17,0.0675
2021-08-16,0.06411
2021-08-13,0.06554
2021-08-12,0.06589
2021-08-11,0.07107
2021-08-10,0.07429
2021-08-09,0.07661
2021-08-06,0.07768
2021-08-05,0.07768
2021-08-04,0.08125
2021-08-03,0.08821
2021-08-02,0.0825
2021-07-30,0.08268
2021-07-29,0.08125
2021-07-28,0.08839
2021-07-27,0.08071
2021-07-26,0.07357
2021-07-23,0.07339
2021-07-22,0.07339
2021-07-21,0.07357
2021-07-20,0.07696
2021-07-19,0.07857
2021-07-16,0.07863
2021-07-15,0.07911
2021-07-14,0.08143
2021-07-13,0.08786
2021-07-12,0.08893
2021-07-09,0.09179
2021-07-08,0.09
2021-07-07,0.08875
2021-07-06,0.09411
2021-07-05,0.09554
2021-07-02,0.09827
2021-06-30,0.09899
2021-06-29,0.10042
2021-06-28,0.09244
2021-06-25,0.09286
2021-06-24,0.08917
2021-06-23,0.08982
2021-06-22,0.0875
2021-06-21,0.09018
2021-06-18,0.08875
2021-06-17,0.08946
2021-06-16,0.09161
2021-06-15,0.09161
2021-06-11,0.08804
2021-06-10,0.08804
2021-06-09,0.09018
2021-06-08,0.08839
2021-06-07,0.08649
2021-06-04,0.08429
2021-06-03,0.085
2021-06-02,0.085
2021-06-01,0.08571
2021-05-31,0.08393
2021-05-28,0.08286
2021-05-27,0.08286
2021-05-26,0.08446
2021-05-25,0.08286
2021-05-24,0.08321
2021-05-21,0.08571
2021-05-20,0.08357
2021-05-18,0.08429
2021-05-17,0.085
2021-05-14,0.08214
2021-05-13,0.08571
2021-05-12,0.08357
2021-05-11,0.085
2021-05-10,0.08143
2021-05-07,0.07881
2021-05-06,0.07857
2021-05-05,0.07929
2021-05-04,0.08089
2021-05-03,0.08179
2021-04-30,0.09018
2021-04-29,0.09071
2021-04-28,0.09
2021-04-27,0.09143
2021-04-26,0.08929
2021-04-23,0.08607
2021-04-22,0.09161
2021-04-21,0.09411
2021-04-20,0.09679
2021-04-19,0.10286
2021-04-16,0.10286
2021-04-15,0.10357
2021-04-14,0.10744
2021-04-13,0.11393
2021-04-12,0.11464
2021-04-09,0.12042
2021-04-08,0.12554
2021-04-07,0.12661
2021-04-01,0.12125
2021-03-31,0.12887
2021-03-30,0.13054
2021-03-29,0.12911
2021-03-26,0.1325
2021-03-25,0.13464
2021-03-24,0.14071
2021-03-23,0.15232
2021-03-22,0.15631
2021-03-19,0.16655
2021-03-18,0.16583
2021-03-17,0.16583
2021-03-16,0.16679
2021-03-15,0.16607
2021-03-12,0.16655
2021-03-11,0.16976
2021-03-10,0.1678
2021-03-09,0.15946
2021-03-08,0.1275
2021-03-05,0.12714
2021-03-04,0.12607
2021-03-03,0.12714
2021-03-02,0.125
2021-03-01,0.12179
2021-02-26,0.1225
2021-02-25,0.12393
2021-02-24,0.12464
2021-02-23,0.12304
2021-02-22,0.12554
2021-02-19,0.13411
2021-02-18,0.13821
2021-02-17,0.14089
2021-02-16,0.14071
2021-02-11,0.14679
2021-02-10,0.14821
2021-02-09,0.14679
2021-02-08,0.14714
2021-02-05,0.13518
2021-02-04,0.14685
2021-02-03,0.15607
2021-02-02,0.15964
2021-02-01,0.15732
2021-01-29,0.15691
2021-01-28,0.14518
2021-01-27,0.14202
2021-01-26,0.13476
2021-01-25,0.11607
2021-01-22,0.10893
2021-01-21,0.115
2021-01-20,0.10929
2021-01-19,0.11304
2021-01-18,0.11714
2021-01-15,0.11643
2021-01-14,0.11714
2021-01-13,0.12321
2021-01-12,0.12929
2021-01-11,0.13
2021-01-08,0.13482
2021-01-07,0.13304
2021-01-06,0.13518
2021-01-05,0.13482
2021-01-04,0.15
2020-12-31,0.17982
2020-12-30,0.18268
2020-12-29,0.19571
2020-12-28,0.22613
2020-12-24,0.25
2020-12-23,0.24321
2020-12-22,0.25696
2020-12-21,0.27762
2020-12-18,0.28
2020-12-17,0.27929
2020-12-16,0.27661
2020-12-15,0.26696
2020-12-14,0.26696
2020-12-11,0.24929
2020-12-10,0.25071
2020-12-09,0.24786
2020-12-08,0.23143
2020-12-07,0.21304
2020-12-04,0.20286
2020-12-03,0.19393
2020-12-02,0.17804
2020-12-01,0.14839
2020-11-30,0.11268
2020-11-27,0.10661
2020-11-26,0.10321
2020-11-25,0.1025
2020-11-24,0.10179
2020-11-23,0.10321
2020-11-20,0.10321
2020-11-19,0.10286
2020-11-18,0.10911
2020-11-17,0.10714
2020-11-16,0.10714
2020-11-13,0.11661
2020-11-12,0.12018
2020-11-11,0.13411
2020-11-10,0.14089
2020-11-09,0.17
2020-11-06,0.20881
2020-11-05,0.24667
2020-11-04,0.28351
2020-11-03,0.27964
2020-11-02,0.32339
2020-10-30,0.40268
2020-10-29,0.40696
2020-10-28,0.43833
2020-10-27,0.41571
2020-10-23,0.43869
2020-10-22,0.44107
2020-10-21,0.43679
2020-10-20,0.42625
2020-10-19,0.36786
2020-10-16,0.3556
2020-10-15,0.36554
2020-10-14,0.39661
2020-10-12,0.40631
2020-10-09,0.40607
2020-10-08,0.41911
2020-10-07,0.44125
2020-10-06,0.44036
2020-10-05,0.465
2020-09-30,0.48446
2020-09-29,0.48054
2020-09-28,0.47643
2020-09-25,0.49679
2020-09-24,0.50696
2020-09-23,0.52643
2020-09-22,0.53714
2020-09-21,0.5
2020-09-18,0.46816
2020-09-17,0.40821
2020-09-16,0.40196
2020-09-15,0.40018
2020-09-14,0.37893
2020-09-11,0.39411
2020-09-10,0.38375
2020-09-09,0.38339
2020-09-08,0.38893
2020-09-07,0.39952
2020-09-04,0.42125
2020-09-03,0.41911
2020-09-02,0.41911
2020-09-01,0.44875
2020-08-31,0.37262
2020-08-28,0.36732
2020-08-27,0.26089
2020-08-26,0.25732
2020-08-25,0.26375
2020-08-24,0.24679
2020-08-21,0.24125
2020-08-20,0.23143
2020-08-19,0.23071
2020-08-18,0.22857
2020-08-17,0.22857
2020-08-14,0.23
2020-08-13,0.23
2020-08-12,0.22589
2020-08-11,0.24125
2020-08-10,0.24125
2020-08-07,0.24054
2020-08-06,0.24125
2020-08-05,0.25321
2020-08-04,0.25214
2020-08-03,0.25155
2020-07-31,0.25393
2020-07-30,0.25536
2020-07-29,0.25393
2020-07-28,0.25107
2020-07-27,0.25393
2020-07-24,0.26589
2020-07-23,0.26875
2020-07-22,0.25679
2020-07-21,0.25964
2020-07-20,0.275
2020-07-17,0.29411
2020-07-16,0.30446
2020-07-15,0.3297
2020-07-14,0.35589
2020-07-13,0.38232
2020-07-10,0.39929
2020-07-09,0.41554
2020-07-08,0.39179
2020-07-07,0.41893
2020-07-06,0.42143
2020-07-03,0.42786
2020-07-02,0.46268
2020-06-30,0.44196
2020-06-29,0.44268
2020-06-26,0.46696
2020-06-24,0.47262
2020-06-23,0.47298
2020-06-22,0.44595
2020-06-19,0.44536
2020-06-18,0.43506
2020-06-17,0.49714
2020-06-16,0.51863
2020-06-15,0.55
2020-06-12,0.55232
2020-06-11,0.56071
2020-06-10,0.69054
2020-06-09,0.7856
2020-06-08,0.80375
2020-06-05,0.80571
2020-06-04,0.83423
2020-06-03,0.86649
2020-06-02,0.87143
2020-06-01,1.01036
2020-05-29,1.05095
2020-05-28,1.06441
2020-05-27,0.96226
2020-05-26,0.96369
2020-05-25,1.13345
2020-05-22,1.01893
2020-05-21,0.62827
2020-05-20,0.59786
2020-05-19,0.59101
2020-05-18,0.61554
2020-05-15,0.64446
2020-05-14,0.70607
2020-05-13,0.70893
2020-05-12,0.71714
2020-05-11,0.74875
2020-05-08,0.84381
2020-05-07,0.83393
2020-05-06,0.84595
2020-05-05,0.86339
2020-05-04,1.06125
2020-04-29,1.14839
2020-04-28,1.23179
2020-04-27,1.45887
2020-04-24,1.52875
2020-04-23,1.54524
2020-04-22,1.54595
2020-04-21,1.58941
2020-04-20,1.55304
2020-04-17,1.57714
2020-04-16,1.56316
2020-04-15,1.59911
2020-04-14,1.59625
2020-04-09,1.62667
2020-04-08,1.67994
2020-04-07,1.78774
2020-04-06,1.83655
2020-04-03,1.85446
2020-04-02,1.84839
2020-04-01,1.86196
2020-03-31,2.05012
2020-03-30,2.05155
2020-03-27,2.02827
2020-03-26,2.01625
2020-03-25,1.98571
2020-03-24,1.87643
2020-03-23,1.84929
2020-03-20,1.83464
2020-03-19,1.79375
2020-03-18,1.71964
2020-03-17,1.43893
2020-03-16,1.26786
2020-03-13,1.14089
2020-03-12,1.07155
2020-03-11,1.10732
2020-03-10,1.08018
2020-03-09,1.10964
2020-03-06,1.18946
2020-03-05,1.28625
2020-03-04,1.40429
2020-03-03,1.55661
2020-03-02,1.6253
2020-02-28,1.65464
2020-02-27,1.67839
2020-02-26,1.68375
2020-02-25,1.69321
2020-02-24,1.6925
2020-02-21,1.70268
2020-02-20,1.73929
2020-02-19,1.74667
2020-02-18,1.77571
2020-02-17,1.7753
2020-02-14,1.77607
2020-02-13,1.73738
2020-02-12,1.79202
2020-02-11,1.84446
2020-02-10,1.87179
2020-02-07,1.90911
2020-02-06,1.90518
2020-02-05,2.00512
2020-02-04,2.15661
2020-02-03,2.25286
2020-01-31,2.23327
2020-01-30,2.20964
2020-01-29,2.08357
2020-01-24,2.04268
2020-01-23,2.02857
2020-01-22,2.05589
2020-01-21,1.97857
2020-01-20,1.98506
2020-01-17,1.95476
2020-01-16,1.95661
2020-01-15,1.89071
2020-01-14,1.95798
2020-01-13,2.16411
2020-01-10,2.18851
2020-01-09,2.0825
2020-01-08,2.08786
2020-01-07,2.0981
2020-01-06,2.12429
2020-01-03,2.14214
2020-01-02,2.26768
2019-12-31,2.66613
2019-12-30,2.7075
2019-12-27,2.69286
2019-12-24,2.69321
2019-12-23,2.67571
2019-12-20,2.68214
2019-12-19,2.71304
2019-12-18,2.69673
2019-12-17,2.63345
2019-12-16,2.6
2019-12-13,2.51143
2019-12-12,2.52238
2019-12-11,2.48679
2019-12-10,2.48071
2019-12-09,2.44625
2019-12-06,2.41411
2019-12-05,2.42786
2019-12-04,2.44881
2019-12-03,2.44881
2019-12-02,2.52911
2019-11-29,2.18613
2019-11-28,2.15101
2019-11-27,2.09482
2019-11-26,1.99232
2019-11-25,1.96714
2019-11-22,2.1153
2019-11-21,2.38679
2019-11-20,2.53179
2019-11-19,2.53464
2019-11-18,2.685
2019-11-15,2.70786
2019-11-14,2.75143
2019-11-13,2.39
2019-11-12,2.32107
2019-11-11,2.19321
2019-11-08,1.91143
2019-11-07,1.84429
2019-11-06,1.74679
2019-11-05,1.80179
2019-11-04,1.83357
2019-11-01,1.80589
2019-10-31,1.77786
2019-10-30,1.7625
2019-10-29,1.74393
2019-10-28,1.75679
2019-10-25,1.74286
2019-10-24,1.68036
2019-10-23,1.68607
2019-10-22,1.65286
2019-10-21,1.62929
2019-10-18,1.56179
2019-10-17,1.53821
2019-10-16,1.56643
2019-10-15,1.62786
2019-10-14,1.73214
2019-10-11,1.73286
2019-10-10,1.78857
2019-10-09,1.86286
2019-10-08,1.87571
2019-10-04,1.72714
2019-10-03,1.76964
2019-10-02,1.83607
2019-09-30,1.88357
2019-09-27,1.89268
2019-09-26,1.88821
2019-09-25,1.85714
2019-09-24,1.87875
2019-09-23,1.995
2019-09-20,2.0025
2019-09-19,1.99286
2019-09-18,2.00714
2019-09-17,2.00107
2019-09-16,1.99214
2019-09-13,1.96792
2019-09-12,1.85536
2019-09-11,1.87679
2019-09-10,1.83393
2019-09-09,1.76357
2019-09-06,1.75643
2019-09-05,1.81
2019-09-04,1.90429
2019-09-03,2.00393
2019-09-02,1.985
2019-08-30,1.93804
2019-08-29,1.90786
2019-08-28,1.8875
2019-08-27,1.93857
2019-08-26,1.99107
2019-08-23,1.98893
2019-08-22,1.93375
2019-08-21,1.9575
2019-08-20,1.95536
2019-08-19,1.99232
2019-08-16,2.26286
2019-08-15,2.14286
2019-08-14,1.83071
2019-08-13,1.81929
2019-08-12,1.72393
2019-08-09,1.75464
2019-08-08,1.88589
2019-08-07,1.95714
2019-08-06,2.51536
2019-08-05,2.01853
2019-08-02,1.82679
2019-08-01,1.84482
2019-07-31,1.92786
2019-07-30,1.97929
2019-07-29,1.9575
2019-07-26,1.95786
2019-07-25,1.99143
2019-07-24,2.06393
2019-07-23,2.04571
2019-07-22,2.01321
2019-07-19,1.9075
2019-07-18,1.87214
2019-07-17,1.81607
2019-07-16,1.84071
2019-07-15,1.90929
2019-07-12,2.18393
2019-07-11,2.37893
2019-07-10,2.47
2019-07-09,2.66107
2019-07-08,2.685
2019-07-05,2.97964
2019-07-04,2.99429
2019-07-03,2.70096
2019-07-02,2.48679
2019-06-28,2.53107
2019-06-27,2.54929
2019-06-26,2.535
2019-06-25,2.53286
2019-06-24,2.49786
2019-06-21,2.48179
2019-06-20,2.47214
2019-06-19,2.43357
2019-06-18,2.45563
2019-06-17,2.41107
2019-06-14,2.41679
2019-06-13,2.62964
2019-06-12,2.42286
2019-06-11,2.13679
2019-06-10,2.05571
2019-06-06,2.045
2019-06-05,2.04679
2019-06-04,2.0325
2019-06-03,2.03036
2019-05-31,1.97607
2019-05-30,1.95643
2019-05-29,1.9175
2019-05-28,1.90786
2019-05-27,1.89071
2019-05-24,1.85095
2019-05-23,1.70429
2019-05-22,1.6975
2019-05-21,1.68679
2019-05-20,1.67671
2019-05-17,1.66821
2019-05-16,1.74179
2019-05-15,1.74714
2019-05-14,1.75393
2019-05-10,1.75018
2019-05-09,1.74786
2019-05-08,1.77786
2019-05-07,1.86679
2019-05-06,1.94929
2019-05-03,1.99
2019-05-02,2.06679
2019-04-30,2.11071
2019-04-29,2.11607
2019-04-26,2.10107
2019-04-25,2.12036
2019-04-24,2.01714
2019-04-23,1.91786
2019-04-18,1.94839
2019-04-17,2.03214
2019-04-16,2.13786
2019-04-15,1.98464
2019-04-12,1.88143
2019-04-11,2.10643
2019-04-10,2.05429
2019-04-09,1.78929
2019-04-08,1.72714
2019-04-04,1.71036
2019-04-03,1.69429
2019-04-02,1.67143
2019-04-01,1.64607
2019-03-29,1.65786
2019-03-28,1.67857
2019-03-27,1.74
2019-03-26,1.79
2019-03-25,1.79929
2019-03-22,1.77232
2019-03-21,1.68393
2019-03-20,1.62143
2019-03-19,1.5729
2019-03-18,1.56857
2019-03-15,1.55214
2019-03-14,1.51893
2019-03-13,1.48536
2019-03-12,1.43429
2019-03-11,1.41464
2019-03-08,1.35
2019-03-07,1.34929
2019-03-06,1.33107
2019-03-05,1.33123
2019-03-04,1.28571
2019-03-01,1.14036
2019-02-28,1.00036
2019-02-27,0.92929
2019-02-26,0.91429
2019-02-25,0.94357
2019-02-22,0.95571
2019-02-21,0.97643
2019-02-20,0.99857
2019-02-19,0.99929
2019-02-18,1.01643
2019-02-15,1.02464
2019-02-14,1.04429
2019-02-13,1.06831
2019-02-12,1.01053
2019-02-11,0.99857
2019-02-08,1.01607
2019-02-04,1.01929
2019-02-01,1.01107
2019-01-31,1.03571
2019-01-30,1.02214
2019-01-29,1.03036
2019-01-28,1.07714
2019-01-25,1.1175
2019-01-24,1.185
2019-01-23,1.27036
2019-01-22,1.3075
2019-01-21,1.305
2019-01-18,1.29975
2019-01-17,1.30286
2019-01-16,1.29857
2019-01-15,1.29929
2019-01-14,1.30033
2019-01-11,1.34857
2019-01-10,1.41893
2019-01-09,1.45622
2019-01-08,1.61071
2019-01-07,1.69143
2019-01-04,1.82571
2019-01-03,1.81338
2019-01-02,1.82071
2018-12-31,2.24393
2018-12-28,2.28679
2018-12-27,2.30795
2018-12-24,2.32107
2018-12-21,2.34714
2018-12-20,2.35589
2018-12-19,2.39821
2018-12-18,2.38393
2018-12-17,2.31768
2018-12-14,2.27714
2018-12-13,2.24536
2018-12-12,2.21821
2018-12-11,2.21107
2018-12-10,2.18513
2018-12-07,2.12393
2018-12-06,2.10321
2018-12-05,2.04286
2018-12-04,1.85571
2018-12-03,1.67786
2018-11-30,1.20286
2018-11-29,1.12357
2018-11-28,1.10964
2018-11-27,1.09321
2018-11-26,1.08214
2018-11-23,1.08214
2018-11-22,1.01214
2018-11-21,0.98929
2018-11-20,1.01107
2018-11-19,1.04143
2018-11-16,1.04429
2018-11-15,1.04627
2018-11-14,1.06393
2018-11-13,1.09286
2018-11-12,1.03536
2018-11-09,1.03464
2018-11-08,1.03357
2018-11-07,1.04714
2018-11-06,1.02536
2018-11-05,1.04321
2018-11-02,1.10536
2018-11-01,1.15964
2018-10-31,1.25643
2018-10-30,1.34821
2018-10-29,1.39464
2018-10-26,1.47589
2018-10-25,1.50179
2018-10-24,1.52
2018-10-23,1.54214
2018-10-22,1.55714
2018-10-19,1.54536
2018-10-18,1.54
2018-10-16,1.57036
2018-10-15,1.60607
2018-10-12,1.6125
2018-10-11,1.63357
2018-10-10,1.74304
2018-10-09,1.8075
2018-10-08,1.77
2018-10-05,1.75875
2018-10-04,1.76559
2018-10-03,1.77036
2018-10-02,1.97589
2018-09-28,2.23071
2018-09-27,2.27429
2018-09-26,2.21
2018-09-24,2.16929
2018-09-21,1.89161
2018-09-20,1.85161
2018-09-19,1.79036
2018-09-18,1.73018
2018-09-17,1.69964
2018-09-14,1.70036
2018-09-13,1.67581
2018-09-12,1.62929
2018-09-11,1.61911
2018-09-10,1.62314
2018-09-07,1.64071
2018-09-06,1.68268
2018-09-05,1.68929
2018-09-04,1.6615
2018-09-03,1.61
2018-08-31,1.53696
2018-08-30,1.51125
2018-08-29,1.49
2018-08-28,1.42857
2018-08-27,1.44214
2018-08-24,1.44768
2018-08-23,1.45107
2018-08-22,1.46748
2018-08-21,1.45964
2018-08-20,1.44536
2018-08-17,1.42732
2018-08-16,1.38304
2018-08-15,1.26625
2018-08-14,1.26554
2018-08-13,1.285
2018-08-10,1.3334
2018-08-09,1.33
2018-08-08,1.35
2018-08-07,1.39196
2018-08-06,1.44036
2018-08-03,1.47343
2018-08-02,1.50737
2018-08-01,1.59589
2018-07-31,1.67585
2018-07-30,1.70996
2018-07-27,1.80721
2018-07-26,1.89857
2018-07-25,1.89878
2018-07-24,1.89398
2018-07-23,1.88474
2018-07-20,1.86646
2018-07-19,1.87321
2018-07-18,1.87929
2018-07-17,1.86
2018-07-16,1.79643
2018-07-13,1.74464
2018-07-12,1.68893
2018-07-11,1.625
2018-07-10,1.64893
2018-07-09,1.62038
2018-07-06,1.69605
2018-07-05,1.96571
2018-07-04,2.03714
2018-07-03,2.02179
2018-06-29,2.01196
2018-06-28,1.99696
2018-06-27,2.01919
2018-06-26,2.0825
2018-06-25,2.125
2018-06-22,2.03375
2018-06-21,1.85375
2018-06-20,1.77822
2018-06-19,1.73375
2018-06-15,1.66786
2018-06-14,1.60125
2018-06-13,1.57696
2018-06-12,1.53429
2018-06-11,1.49679
2018-06-08,1.45682
2018-06-07,1.30242
2018-06-06,1.10929
2018-06-05,1.06
2018-06-04,1.03857
2018-06-01,1.02821
2018-05-31,1.0175
2018-05-30,1.01143
2018-05-29,0.99357
2018-05-28,0.98143
2018-05-25,0.98589
2018-05-24,0.98018
2018-05-23,0.97981
2018-05-21,0.99275
2018-05-18,0.99988
2018-05-17,0.99217
2018-05-16,0.97753
2018-05-15,0.99299
2018-05-14,1.00036
2018-05-11,1.04607
2018-05-10,1.08846
2018-05-09,1.13464
2018-05-08,1.16643
2018-05-07,1.19768
2018-05-04,1.22357
2018-05-03,1.23122
2018-05-02,1.24607
2018-04-30,1.30643
2018-04-27,1.30625
2018-04-26,1.30732
2018-04-25,1.30051
2018-04-24,1.22393
2018-04-23,1.04714
2018-04-20,0.97464
2018-04-19,0.94982
2018-04-18,0.91179
2018-04-17,0.89286
2018-04-16,0.85464
2018-04-13,0.84625
2018-04-12,0.79071
2018-04-11,0.80696
2018-04-10,0.85543
2018-04-09,0.88143
2018-04-06,0.92429
2018-04-04,0.93321
2018-04-03,0.96357
2018-03-29,0.99036
2018-03-28,1.0325
2018-03-27,0.98946
2018-03-26,0.88429
2018-03-23,0.86179
2018-03-22,0.81286
2018-03-21,0.80857
2018-03-20,0.80929
2018-03-19,0.79718
2018-03-16,0.76357
2018-03-15,0.74911
2018-03-14,0.735
2018-03-13,0.73214
2018-03-12,0.72607
2018-03-09,0.70939
2018-03-08,0.66768
2018-03-07,0.67158
2018-03-06,0.68464
2018-03-05,0.71004
2018-03-02,0.70845
2018-03-01,0.74714
2018-02-28,0.73294
2018-02-27,0.72799
2018-02-26,0.70714
2018-02-23,0.70284
2018-02-22,0.70016
2018-02-21,0.71179
2018-02-20,0.72857
2018-02-15,0.73429
2018-02-14,0.75143
2018-02-13,0.76214
2018-02-12,0.76757
2018-02-09,0.77973
2018-02-08,0.81285
2018-02-07,0.85321
2018-02-06,0.88625
2018-02-05,0.9059
2018-02-02,0.90488
2018-02-01,0.91304
2018-01-31,0.93036
2018-01-30,0.94736
2018-01-29,0.91571
2018-01-26,0.92
2018-01-25,0.91857
2018-01-24,0.9175
2018-01-23,0.91857
2018-01-22,0.92214
2018-01-19,0.92679
2018-01-18,0.935
2018-01-17,0.91857
2018-01-16,0.93481
2018-01-15,0.95143
2018-01-12,0.94036
2018-01-11,0.94036
2018-01-10,0.935
2018-01-09,0.93714
2018-01-08,0.94
2018-01-05,1.01929
2018-01-04,1.05607
2018-01-03,1.12
2018-01-02,1.18554
2017-12-29,1.19107
2017-12-28,1.1925
2017-12-27,1.21063
2017-12-22,1.18607
2017-12-21,1.15893
2017-12-20,1.12679
2017-12-19,1.10321
2017-12-18,1.10464
2017-12-15,1.10125
2017-12-14,1.09893
2017-12-13,1.08107
2017-12-12,1.0725
2017-12-11,1.07286
2017-12-08,1.07054
2017-12-07,1.07429
2017-12-06,1.03429
2017-12-05,1.03107
2017-12-04,1.03924
2017-12-01,1.04982
2017-11-30,0.99893
2017-11-29,1.00304
2017-11-28,0.96107
2017-11-27,0.9225
2017-11-24,0.81286
2017-11-23,0.71857
2017-11-22,0.69786
2017-11-21,0.71
2017-11-20,0.725
2017-11-17,0.73536
2017-11-16,0.75107
2017-11-15,0.79275
2017-11-14,0.79821
2017-11-13,0.81339
2017-11-10,0.82821
2017-11-09,0.83607
2017-11-08,0.80464
2017-11-07,0.80929
2017-11-06,0.80464
2017-11-03,0.8
2017-11-02,0.79857
2017-11-01,0.815
2017-10-31,0.79107
2017-10-30,0.73714
2017-10-27,0.70214
2017-10-26,0.69286
2017-10-25,0.64857
2017-10-24,0.63715
2017-10-23,0.61143
2017-10-20,0.60571
2017-10-19,0.59286
2017-10-18,0.55375
2017-10-17,0.54929
2017-10-16,0.53
2017-10-13,0.51943
2017-10-12,0.52539
2017-10-11,0.54059
2017-10-10,0.55159
2017-10-09,0.56071
2017-10-06,0.57643
2017-10-04,0.60679
2017-10-03,0.59272
2017-09-29,0.58366
2017-09-28,0.55821
2017-09-27,0.54857
2017-09-26,0.52786
2017-09-25,0.52714
2017-09-22,0.54875
2017-09-21,0.53964
2017-09-20,0.50464
2017-09-19,0.4725
2017-09-18,0.42464
2017-09-15,0.41857
2017-09-14,0.42071
2017-09-13,0.42071
2017-09-12,0.42071
2017-09-11,0.4215
2017-09-08,0.41911
2017-09-07,0.41911
2017-09-06,0.42214
2017-09-05,0.42196
2017-09-04,0.42464
2017-09-01,0.42393
2017-08-31,0.42143
2017-08-30,0.41821
2017-08-29,0.41921
2017-08-28,0.41921
2017-08-25,0.4185
2017-08-24,0.41929
2017-08-22,0.42062
2017-08-21,0.42164
2017-08-18,0.42436
2017-08-17,0.42171
2017-08-16,0.42479
2017-08-15,0.423
2017-08-14,0.42268
2017-08-11,0.42521
2017-08-10,0.42929
2017-08-09,0.42536
2017-08-08,0.4261
2017-08-07,0.42899
2017-08-04,0.42886
2017-08-03,0.42964
2017-08-02,0.43125
2017-08-01,0.435
2017-07-31,0.43832
2017-07-28,0.43093
2017-07-27,0.43393
2017-07-26,0.43529
2017-07-25,0.43412
2017-07-24,0.43682
2017-07-21,0.4337
2017-07-20,0.43586
2017-07-19,0.43607
2017-07-18,0.44381
2017-07-17,0.46036
2017-07-14,0.45982
2017-07-13,0.45977
2017-07-12,0.46047
2017-07-11,0.45778
2017-07-10,0.45925
2017-07-07,0.4591
2017-07-06,0.45721
2017-07-05,0.45734
2017-07-04,0.46344
2017-07-03,0.46679
2017-06-30,0.46502
2017-06-29,0.46132
2017-06-28,0.4525
2017-06-27,0.44893
2017-06-26,0.44929
2017-06-23,0.44625
2017-06-22,0.44714
2017-06-21,0.445
2017-06-20,0.43929
2017-06-19,0.43917
2017-06-16,0.42139
2017-06-15,0.39299
2017-06-14,0.36736
2017-06-13,0.36857
2017-06-12,0.36857
2017-06-09,0.36857
2017-06-08,0.36661
2017-06-07,0.36714
2017-06-06,0.36672
2017-06-05,0.36804
2017-06-02,0.365
2017-06-01,0.35458
2017-05-31,0.35649
2017-05-29,0.35857
2017-05-26,0.355
2017-05-25,0.35643
2017-05-24,0.35252
2017-05-23,0.35589
2017-05-22,0.36339
2017-05-19,0.36679
2017-05-18,0.37857
2017-05-17,0.37214
2017-05-16,0.37442
2017-05-15,0.38064
2017-05-12,0.37857
2017-05-11,0.38036
2017-05-10,0.38125
2017-05-09,0.38567
2017-05-08,0.38571
2017-05-05,0.38351
2017-05-04,0.38262
2017-05-02,0.38829
2017-04-28,0.38786
2017-04-27,0.38386
2017-04-26,0.38464
2017-04-25,0.38714
2017-04-24,0.39036
2017-04-21,0.39571
2017-04-20,0.41236
2017-04-19,0.4125
2017-04-18,0.41479
2017-04-13,0.41714
2017-04-12,0.41607
2017-04-11,0.41679
2017-04-10,0.42464
2017-04-07,0.42693
2017-04-06,0.4275
2017-04-05,0.43501
2017-04-03,0.44714
2017-03-31,0.44107
2017-03-30,0.44321
2017-03-29,0.44679
2017-03-28,0.44429
2017-03-27,0.44464
2017-03-24,0.44479
2017-03-23,0.442
2017-03-22,0.43743
2017-03-21,0.44329
2017-03-20,0.44586
2017-03-17,0.45079
2017-03-16,0.44607
2017-03-15,0.44014
2017-03-14,0.442
2017-03-13,0.44725
2017-03-10,0.45246
2017-03-09,0.4465
2017-03-08,0.45
2017-03-07,0.45393
2017-03-06,0.45536
2017-03-03,0.45471
2017-03-02,0.45693
2017-03-01,0.45643
2017-02-28,0.46357
2017-02-27,0.46821
2017-02-24,0.46536
2017-02-23,0.46679
2017-02-22,0.46821
2017-02-21,0.47429
2017-02-20,0.48589
2017-02-17,0.48107
2017-02-16,0.49143
2017-02-15,0.50321
2017-02-14,0.51
2017-02-13,0.51
2017-02-10,0.51607
2017-02-09,0.53071
2017-02-08,0.545
2017-02-07,0.56071
2017-02-06,0.57089
2017-02-03,0.57036
2017-02-02,0.57821
2017-02-01,0.59286
2017-01-27,0.5925
2017-01-26,0.60268
2017-01-25,0.60357
2017-01-24,0.60571
2017-01-23,0.61651
2017-01-20,0.62214
2017-01-19,0.63107
2017-01-18,0.64321
2017-01-17,0.67206
2017-01-16,0.68821
2017-01-13,0.69536
2017-01-12,0.71714
2017-01-11,0.72107
2017-01-10,0.73196
2017-01-09,0.74179
2017-01-06,0.74286
2017-01-05,0.75464
2017-01-04,0.75286
2017-01-03,0.74643
2016-12-30,0.74643
2016-12-29,0.7325
2016-12-28,0.72464
2016-12-23,0.70482
2016-12-22,0.69143
2016-12-21,0.68018
2016-12-20,0.675
2016-12-19,0.6675
2016-12-16,0.6675
2016-12-15,0.66464
2016-12-14,0.65929
2016-12-13,0.62429
2016-12-12,0.58357
2016-12-09,0.51464
2016-12-08,0.50964
2016-12-07,0.50524
2016-12-06,0.50016
2016-12-05,0.50179
2016-12-02,0.48248
2016-12-01,0.46196
2016-11-30,0.43786
2016-11-29,0.39714
2016-11-28,0.38929
2016-11-25,0.38071
2016-11-24,0.37643
2016-11-23,0.37454
2016-11-22,0.37357
2016-11-21,0.37571
2016-11-18,0.375
2016-11-17,0.36886
2016-11-16,0.37134
2016-11-15,0.37036
2016-11-14,0.37054
2016-11-11,0.37214
2016-11-10,0.36778
2016-11-09,0.36471
2016-11-08,0.36731
2016-11-07,0.36679
2016-11-04,0.36107
2016-11-03,0.3525
2016-11-02,0.35679
2016-11-01,0.35286
2016-10-31,0.33929
2016-10-28,0.32625
2016-10-27,0.31982
2016-10-26,0.30607
2016-10-25,0.29589
2016-10-24,0.29143
2016-10-20,0.28791
2016-10-19,0.27768
2016-10-18,0.27732
2016-10-17,0.27857
2016-10-14,0.27768
2016-10-13,0.28107
2016-10-12,0.28107
2016-10-11,0.28
2016-10-07,0.27486
2016-10-06,0.27295
2016-10-05,0.27036
2016-10-04,0.27216
2016-10-03,0.28738
2016-09-30,0.28786
2016-09-29,0.27074
2016-09-28,0.27413
2016-09-27,0.2725
2016-09-26,0.27375
2016-09-23,0.26968
2016-09-22,0.26896
2016-09-21,0.275
2016-09-20,0.27607
2016-09-19,0.27607
2016-09-15,0.27643
2016-09-14,0.27471
2016-09-13,0.26893
2016-09-12,0.25143
2016-09-09,0.25212
2016-09-08,0.24802
2016-09-07,0.24589
2016-09-06,0.24714
2016-09-05,0.24929
2016-09-02,0.24589
2016-09-01,0.24446
2016-08-31,0.24357
2016-08-30,0.24535
2016-08-29,0.24643
2016-08-26,0.24692
2016-08-25,0.24411
2016-08-24,0.24339
2016-08-23,0.24482
2016-08-22,0.24643
2016-08-19,0.245
2016-08-18,0.24482
2016-08-17,0.24567
2016-08-16,0.24192
2016-08-15,0.24214
2016-08-12,0.24429
2016-08-11,0.24357
2016-08-10,0.24221
2016-08-09,0.24339
2016-08-08,0.24411
2016-08-05,0.23839
2016-08-04,0.24411
2016-08-03,0.24411
2016-08-01,0.24339
2016-07-29,0.23982
2016-07-28,0.24339
2016-07-27,0.24196
2016-07-26,0.23946
2016-07-25,0.23732
2016-07-22,0.23589
2016-07-21,0.23946
2016-07-20,0.23982
2016-07-19,0.24161
2016-07-18,0.24161
2016-07-15,0.24232
2016-07-14,0.23946
2016-07-13,0.24339
2016-07-12,0.24429
2016-07-11,0.24214
2016-07-08,0.24054
2016-07-07,0.24036
2016-07-06,0.24143
2016-07-05,0.24179
2016-07-04,0.24946
2016-06-30,0.25518
2016-06-29,0.25125
2016-06-28,0.25304
2016-06-27,0.25554
2016-06-24,0.22857
2016-06-23,0.22643
2016-06-22,0.22357
2016-06-21,0.22429
2016-06-20,0.22071
2016-06-17,0.22048
2016-06-16,0.22429
2016-06-15,0.22643
2016-06-14,0.22786
2016-06-13,0.23268
2016-06-10,0.23
2016-06-08,0.22786
2016-06-07,0.2275
2016-06-06,0.22321
2016-06-03,0.22464
2016-06-02,0.23321
2016-06-01,0.2325
2016-05-31,0.23321
2016-05-30,0.20911
2016-05-27,0.19929
2016-05-26,0.20071
2016-05-25,0.20071
2016-05-24,0.19929
2016-05-23,0.19786
2016-05-20,0.20071
2016-05-19,0.19929
2016-05-18,0.20143
2016-05-17,0.20286
2016-05-16,0.20786
2016-05-13,0.20808
2016-05-12,0.20714
2016-05-11,0.21768
2016-05-10,0.22714
2016-05-09,0.22714
2016-05-06,0.22714
2016-05-05,0.22643
2016-05-04,0.22714
2016-05-03,0.22571
2016-04-29,0.22714
2016-04-28,0.22214
2016-04-27,0.22643
2016-04-26,0.23
2016-04-25,0.22714
2016-04-22,0.22857
2016-04-21,0.22929
2016-04-20,0.22786
2016-04-19,0.22714
2016-04-18,0.22857
2016-04-15,0.22857
2016-04-14,0.22857
2016-04-13,0.22643
2016-04-12,0.22571
2016-04-11,0.22643
2016-04-08,0.225
2016-04-07,0.22429
2016-04-06,0.22214
2016-04-05,0.22929
2016-04-01,0.22768
2016-03-31,0.22839
2016-03-30,0.23054
2016-03-29,0.22911
2016-03-24,0.23054
2016-03-23,0.22786
2016-03-22,0.22929
2016-03-21,0.22857
2016-03-18,0.225
2016-03-17,0.22429
2016-03-16,0.22714
2016-03-15,0.22875
2016-03-14,0.23054
2016-03-11,0.23304
2016-03-10,0.23375
2016-03-09,0.23446
2016-03-08,0.23757
2016-03-07,0.24429
2016-03-04,0.24036
2016-03-03,0.245
2016-03-02,0.24643
2016-03-01,0.2565
2016-02-29,0.26864
2016-02-26,0.26579
2016-02-25,0.27793
2016-02-24,0.29321
2016-02-23,0.31586
2016-02-22,0.34293
2016-02-19,0.34257
2016-02-18,0.3515
2016-02-17,0.36964
2016-02-16,0.3675
2016-02-15,0.3625
2016-02-12,0.36464
2016-02-11,0.36893
2016-02-05,0.36893
2016-02-04,0.37107
2016-02-03,0.37571
2016-02-02,0.37607
2016-02-01,0.38286
2016-01-29,0.38429
2016-01-28,0.38714
2016-01-27,0.385
2016-01-26,0.39043
2016-01-25,0.38286
2016-01-22,0.38643
2016-01-21,0.348
2016-01-20,0.31
2016-01-19,0.27693
2016-01-18,0.26752
2016-01-15,0.22799
2016-01-14,0.22564
2016-01-13,0.22636
2016-01-12,0.22921
2016-01-11,0.22707
2016-01-08,0.22493
2016-01-07,0.22036
2016-01-06,0.22179
2016-01-05,0.22321
2016-01-04,0.22499
2015-12-31,0.22107
2015-12-30,0.22464
2015-12-29,0.22321
2015-12-28,0.22482
2015-12-24,0.22536
2015-12-23,0.22464
2015-12-22,0.22393
2015-12-21,0.22321
2015-12-18,0.22107
2015-12-17,0.22436
2015-12-16,0.22393
2015-12-15,0.22536
2015-12-14,0.22536
2015-12-11,0.22779
2015-12-10,0.22929
2015-12-09,0.22643
2015-12-08,0.22643
2015-12-07,0.22643
2015-12-04,0.22429
2015-12-03,0.22136
2015-12-02,0.20457
2015-12-01,0.19143
2015-11-30,0.19393
2015-11-27,0.19714
2015-11-26,0.19143
