Year,Class,Vacancy
1985,Less than 40 m2,0.037
1986,Less than 40 m2,0.039
1987,Less than 40 m2,0.026
1988,Less than 40 m2,0.021
1989,Less than 40 m2,0.021
1990,Less than 40 m2,0.02
1991,Less than 40 m2,0.019
1992,Less than 40 m2,0.028
1993,Less than 40 m2,0.026
1994,Less than 40 m2,0.03
1995,Less than 40 m2,0.024
1996,Less than 40 m2,0.024
1997,Less than 40 m2,0.024
1998,Less than 40 m2,0.024
1999,Less than 40 m2,0.042
2000,Less than 40 m2,0.038
2001,Less than 40 m2,0.039
2002,Less than 40 m2,0.047
2003,Less than 40 m2,0.045
2004,Less than 40 m2,0.036
2005,Less than 40 m2,0.031
2006,Less than 40 m2,0.032
2007,Less than 40 m2,0.029
2008,Less than 40 m2,0.027
2009,Less than 40 m2,0.025
2010,Less than 40 m2,0.027
2011,Less than 40 m2,0.023
2012,Less than 40 m2,0.023
2013,Less than 40 m2,0.035
2014,Less than 40 m2,0.024
2015,Less than 40 m2,0.023
2016,Less than 40 m2,0.026
2017,Less than 40 m2,0.032
2018,Less than 40 m2,0.038
2019,Less than 40 m2,0.036
2020,Less than 40 m2,0.04
2021,Less than 40 m2,0.038
2022,Less than 40 m2,0.045
2023,Less than 40 m2,0.036
2024,Less than 40 m2,0.045
2025,Less than 40 m2,0.044
1985,40 m2 to 69.9 m2,0.032
1986,40 m2 to 69.9 m2,0.036
1987,40 m2 to 69.9 m2,0.039
1988,40 m2 to 69.9 m2,0.027
1989,40 m2 to 69.9 m2,0.057
1990,40 m2 to 69.9 m2,0.041
1991,40 m2 to 69.9 m2,0.057
1992,40 m2 to 69.9 m2,0.052
1993,40 m2 to 69.9 m2,0.049
1994,40 m2 to 69.9 m2,0.059
1995,40 m2 to 69.9 m2,0.05
1996,40 m2 to 69.9 m2,0.041
1997,40 m2 to 69.9 m2,0.044
1998,40 m2 to 69.9 m2,0.053
1999,40 m2 to 69.9 m2,0.067
2000,40 m2 to 69.9 m2,0.055
2001,40 m2 to 69.9 m2,0.061
2002,40 m2 to 69.9 m2,0.069
2003,40 m2 to 69.9 m2,0.078
2004,40 m2 to 69.9 m2,0.07
2005,40 m2 to 69.9 m2,0.068
2006,40 m2 to 69.9 m2,0.07
2007,40 m2 to 69.9 m2,0.053
2008,40 m2 to 69.9 m2,0.052
2009,40 m2 to 69.9 m2,0.041
2010,40 m2 to 69.9 m2,0.045
2011,40 m2 to 69.9 m2,0.04
2012,40 m2 to 69.9 m2,0.041
2013,40 m2 to 69.9 m2,0.036
2014,40 m2 to 69.9 m2,0.036
2015,40 m2 to 69.9 m2,0.032
2016,40 m2 to 69.9 m2,0.036
2017,40 m2 to 69.9 m2,0.033
2018,40 m2 to 69.9 m2,0.036
2019,40 m2 to 69.9 m2,0.03
2020,40 m2 to 69.9 m2,0.036
2021,40 m2 to 69.9 m2,0.035
2022,40 m2 to 69.9 m2,0.036
2023,40 m2 to 69.9 m2,0.029
2024,40 m2 to 69.9 m2,0.038
2025,40 m2 to 69.9 m2,0.036
1985,70 m2 to 99.9 m2,0.044
1986,70 m2 to 99.9 m2,0.035
1987,70 m2 to 99.9 m2,0.037
1988,70 m2 to 99.9 m2,0.048
1989,70 m2 to 99.9 m2,0.051
1990,70 m2 to 99.9 m2,0.046
1991,70 m2 to 99.9 m2,0.053
1992,70 m2 to 99.9 m2,0.055
1993,70 m2 to 99.9 m2,0.044
1994,70 m2 to 99.9 m2,0.057
1995,70 m2 to 99.9 m2,0.054
1996,70 m2 to 99.9 m2,0.062
1997,70 m2 to 99.9 m2,0.059
1998,70 m2 to 99.9 m2,0.065
1999,70 m2 to 99.9 m2,0.081
2000,70 m2 to 99.9 m2,0.086
2001,70 m2 to 99.9 m2,0.089
2002,70 m2 to 99.9 m2,0.111
2003,70 m2 to 99.9 m2,0.091
2004,70 m2 to 99.9 m2,0.08
2005,70 m2 to 99.9 m2,0.09
2006,70 m2 to 99.9 m2,0.073
2007,70 m2 to 99.9 m2,0.064
2008,70 m2 to 99.9 m2,0.071
2009,70 m2 to 99.9 m2,0.066
2010,70 m2 to 99.9 m2,0.077
2011,70 m2 to 99.9 m2,0.077
2012,70 m2 to 99.9 m2,0.061
2013,70 m2 to 99.9 m2,0.045
2014,70 m2 to 99.9 m2,0.055
2015,70 m2 to 99.9 m2,0.062
2016,70 m2 to 99.9 m2,0.039
2017,70 m2 to 99.9 m2,0.034
2018,70 m2 to 99.9 m2,0.051
2019,70 m2 to 99.9 m2,0.037
2020,70 m2 to 99.9 m2,0.054
2021,70 m2 to 99.9 m2,0.046
2022,70 m2 to 99.9 m2,0.047
2023,70 m2 to 99.9 m2,0.064
2024,70 m2 to 99.9 m2,0.049
2025,70 m2 to 99.9 m2,0.045
1985,100 m2 to 159.9 m2,0.062
1986,100 m2 to 159.9 m2,0.065
1987,100 m2 to 159.9 m2,0.045
1988,100 m2 to 159.9 m2,0.061
1989,100 m2 to 159.9 m2,0.049
1990,100 m2 to 159.9 m2,0.06
1991,100 m2 to 159.9 m2,0.048
1992,100 m2 to 159.9 m2,0.045
1993,100 m2 to 159.9 m2,0.032
1994,100 m2 to 159.9 m2,0.064
1995,100 m2 to 159.9 m2,0.063
1996,100 m2 to 159.9 m2,0.051
1997,100 m2 to 159.9 m2,0.048
1998,100 m2 to 159.9 m2,0.072
1999,100 m2 to 159.9 m2,0.06
2000,100 m2 to 159.9 m2,0.081
2001,100 m2 to 159.9 m2,0.071
2002,100 m2 to 159.9 m2,0.089
2003,100 m2 to 159.9 m2,0.068
2004,100 m2 to 159.9 m2,0.103
2005,100 m2 to 159.9 m2,0.09
2006,100 m2 to 159.9 m2,0.064
2007,100 m2 to 159.9 m2,0.075
2008,100 m2 to 159.9 m2,0.078
2009,100 m2 to 159.9 m2,0.096
2010,100 m2 to 159.9 m2,0.076
2011,100 m2 to 159.9 m2,0.092
2012,100 m2 to 159.9 m2,0.093
2013,100 m2 to 159.9 m2,0.089
2014,100 m2 to 159.9 m2,0.073
2015,100 m2 to 159.9 m2,0.075
2016,100 m2 to 159.9 m2,0.073
2017,100 m2 to 159.9 m2,0.086
2018,100 m2 to 159.9 m2,0.084
2019,100 m2 to 159.9 m2,0.058
2020,100 m2 to 159.9 m2,0.063
2021,100 m2 to 159.9 m2,0.074
2022,100 m2 to 159.9 m2,0.073
2023,100 m2 to 159.9 m2,0.08
2024,100 m2 to 159.9 m2,0.061
2025,100 m2 to 159.9 m2,0.067
1985,160 m2 or above,0.049
1986,160 m2 or above,0.068
1987,160 m2 or above,0.044
1988,160 m2 or above,0.067
1989,160 m2 or above,0.064
1990,160 m2 or above,0.065
1991,160 m2 or above,0.08
1992,160 m2 or above,0.045
1993,160 m2 or above,0.053
1994,160 m2 or above,0.025
1995,160 m2 or above,0.033
1996,160 m2 or above,0.042
1997,160 m2 or above,0.049
1998,160 m2 or above,0.084
1999,160 m2 or above,0.061
2000,160 m2 or above,0.061
2001,160 m2 or above,0.076
2002,160 m2 or above,0.103
2003,160 m2 or above,0.107
2004,160 m2 or above,0.106
2005,160 m2 or above,0.119
2006,160 m2 or above,0.131
2007,160 m2 or above,0.104
2008,160 m2 or above,0.111
2009,160 m2 or above,0.127
2010,160 m2 or above,0.129
2011,160 m2 or above,0.102
2012,160 m2 or above,0.141
2013,160 m2 or above,0.115
2014,160 m2 or above,0.094
2015,160 m2 or above,0.095
2016,160 m2 or above,0.14
2017,160 m2 or above,0.075
2018,160 m2 or above,0.126
2019,160 m2 or above,0.138
2020,160 m2 or above,0.1
2021,160 m2 or above,0.078
2022,160 m2 or above,0.098
2023,160 m2 or above,0.149
2024,160 m2 or above,0.126
2025,160 m2 or above,0.102
